block_size,topic,paraphrase_idx,feature,mean,std,metric,metric_name
4,astronomy_solar,0,drift,0.006840766863799878,0.896617492868155,0.896617492868155,std
4,astronomy_solar,0,timing_cv,0.8993258439658389,0.1050368014552805,0.1167950439321194,cv
4,astronomy_solar,0,mean_depth_excess,0.49865456704579336,0.5901971978011719,0.5901971978011719,std
4,astronomy_solar,0,isolated_frac,0.0,0.0,0.0,std
4,astronomy_solar,0,d2_excess,0.7146746654097544,0.5673978040255875,0.5673978040255875,std
4,astronomy_solar,1,drift,-1.062710480385851,1.8982039847810233,1.8982039847810233,std
4,astronomy_solar,1,timing_cv,0.9578844715462066,0.17444303173875933,0.1821128089248334,cv
4,astronomy_solar,1,mean_depth_excess,-0.19046339326490294,1.0643568717614786,1.0643568717614786,std
4,astronomy_solar,1,isolated_frac,0.0006172839506172839,0.003381003441389914,0.003381003441389914,std
4,astronomy_solar,1,d2_excess,0.16609703924118432,1.0191468867977465,1.0191468867977465,std
4,astronomy_solar,2,drift,-0.13694870730671588,1.284131393486341,1.284131393486341,std
4,astronomy_solar,2,timing_cv,0.9276132031635654,0.12704220429099608,0.1369560112531029,cv
4,astronomy_solar,2,mean_depth_excess,-0.39618866228659994,2.0432636530732644,2.0432636530732644,std
4,astronomy_solar,2,isolated_frac,0.0,0.0,0.0,std
4,astronomy_solar,2,d2_excess,0.011668368536306366,1.2903631480431208,1.2903631480431208,std
4,biology_cells,0,drift,-0.4084915070097036,1.108208332786326,1.108208332786326,std
4,biology_cells,0,timing_cv,0.9250024920872962,0.11124149777557238,0.12026075467597126,cv
4,biology_cells,0,mean_depth_excess,0.8319557985712985,0.2732958666549847,0.2732958666549847,std
4,biology_cells,0,isolated_frac,0.0003333333333333333,0.001825741858350554,0.001825741858350554,std
4,biology_cells,0,d2_excess,0.9487543920536867,0.2003292914648825,0.2003292914648825,std
4,biology_cells,1,drift,0.0019545048182292597,1.2452284603521027,1.2452284603521027,std
4,biology_cells,1,timing_cv,0.9081022016597607,0.11590098964175025,0.127629896095302,cv
4,biology_cells,1,mean_depth_excess,0.8354484761471649,0.1437935117119278,0.1437935117119278,std
4,biology_cells,1,isolated_frac,0.001136204481792717,0.0034735939165634368,0.0034735939165634368,std
4,biology_cells,1,d2_excess,0.9853293493418012,2.2584051416334807e-16,2.2584051416334807e-16,std
4,biology_cells,2,drift,-0.10554326018432457,1.2578194041347142,1.2578194041347142,std
4,biology_cells,2,timing_cv,0.8977138224436008,0.08676827482013481,0.09665471629249205,cv
4,biology_cells,2,mean_depth_excess,0.8184840422072438,0.20117679970975247,0.20117679970975247,std
4,biology_cells,2,isolated_frac,0.0,0.0,0.0,std
4,biology_cells,2,d2_excess,0.9743568621553668,0.060098787439464736,0.060098787439464736,std
4,chemistry_periodic,0,drift,0.02638581504608237,1.0547794940654618,1.0547794940654618,std
4,chemistry_periodic,0,timing_cv,0.9475930546062412,0.13881781817195427,0.14649518324048716,cv
4,chemistry_periodic,0,mean_depth_excess,0.27013366279627044,0.9271125525880258,0.9271125525880258,std
4,chemistry_periodic,0,isolated_frac,0.0003508771929824561,0.001921833535105846,0.001921833535105846,std
4,chemistry_periodic,0,d2_excess,0.6086072892742228,0.6415392610032101,0.6415392610032101,std
4,chemistry_periodic,1,drift,0.12411105595749498,1.2581040974900077,1.2581040974900077,std
4,chemistry_periodic,1,timing_cv,0.9157987916510203,0.10323166316574785,0.11272308295978394,cv
4,chemistry_periodic,1,mean_depth_excess,0.7266765173559069,0.7800110075852326,0.7800110075852326,std
4,chemistry_periodic,1,isolated_frac,0.0006956521739130435,0.0026498502859662334,0.0026498502859662334,std
4,chemistry_periodic,1,d2_excess,0.8792619732062693,0.27560815983635867,0.27560815983635867,std
4,chemistry_periodic,2,drift,-0.37428767269070917,1.3041424908749866,1.3041424908749866,std
4,chemistry_periodic,2,timing_cv,0.9605481190497763,0.1017333909325796,0.10591181109512714,cv
4,chemistry_periodic,2,mean_depth_excess,-0.02774183903116448,1.1201011073272509,1.1201011073272509,std
4,chemistry_periodic,2,isolated_frac,0.000726784374135956,0.002770239647514505,0.002770239647514505,std
4,chemistry_periodic,2,d2_excess,-0.002194497437287997,1.01222873324737,1.01222873324737,std
4,cooking_techniques,0,drift,-0.4084915070097036,1.2584868594239986,1.2584868594239986,std
4,cooking_techniques,0,timing_cv,0.9418502675589246,0.1192483057196889,0.1266106830640449,cv
4,cooking_techniques,0,mean_depth_excess,0.27911483370564033,0.8544584642559101,0.8544584642559101,std
4,cooking_techniques,0,isolated_frac,0.0,0.0,0.0,std
4,cooking_techniques,0,d2_excess,0.17336529754566127,0.7079387697275296,0.7079387697275296,std
4,cooking_techniques,1,drift,-0.6283732990603819,1.3181576264022767,1.3181576264022767,std
4,cooking_techniques,1,timing_cv,0.8997850126588808,0.12911560172980582,0.14349605729513867,cv
4,cooking_techniques,1,mean_depth_excess,0.3689265427993394,0.7147885627048787,0.7147885627048787,std
4,cooking_techniques,1,isolated_frac,0.0007291417642840067,0.002775947407533948,0.002775947407533948,std
4,cooking_techniques,1,d2_excess,0.3123501352404961,0.6991661503891279,0.6991661503891279,std
4,cooking_techniques,2,drift,0.08502095959292995,1.196069478493511,1.196069478493511,std
4,cooking_techniques,2,timing_cv,0.8668110246397235,0.09312485911138434,0.10743386558805045,cv
4,cooking_techniques,2,mean_depth_excess,-0.02325125357647958,0.6930384191321904,0.6930384191321904,std
4,cooking_techniques,2,isolated_frac,0.0,0.0,0.0,std
4,cooking_techniques,2,d2_excess,0.25748769930832444,0.60750355226064,0.60750355226064,std
4,geography_capitals,0,drift,0.4075142546005914,1.3214512945583408,1.3214512945583408,std
4,geography_capitals,0,timing_cv,0.8805922740608657,0.08194076963885867,0.09305188343407496,cv
4,geography_capitals,0,mean_depth_excess,-0.21385165843088524,1.2434671727792324,1.2434671727792324,std
4,geography_capitals,0,isolated_frac,0.00036630036630036635,0.002006309734451158,0.002006309734451158,std
4,geography_capitals,0,d2_excess,-0.1631243095049914,1.5578142692402415,1.5578142692402415,std
4,geography_capitals,1,drift,-0.29610747996157905,1.0990887792203246,1.0990887792203246,std
4,geography_capitals,1,timing_cv,0.9125862090705738,0.12031942582215671,0.1318444489148005,cv
4,geography_capitals,1,mean_depth_excess,-0.07065187782037624,1.1479735245632712,1.1479735245632712,std
4,geography_capitals,1,isolated_frac,0.0007045648385063226,0.0026870310664849407,0.0026870310664849407,std
4,geography_capitals,1,d2_excess,0.08192790432537518,1.0376193106784788,1.0376193106784788,std
4,geography_capitals,2,drift,-0.1446333565488896,1.3348315143442855,1.3348315143442855,std
4,geography_capitals,2,timing_cv,0.9141728419760955,0.14153061020519606,0.15481821785392408,cv
4,geography_capitals,2,mean_depth_excess,-0.1589667250958469,1.2072796867902367,1.2072796867902367,std
4,geography_capitals,2,isolated_frac,0.0003508771929824561,0.001921833535105846,0.001921833535105846,std
4,geography_capitals,2,d2_excess,-0.20335676252191728,1.192990670261627,1.192990670261627,std
4,language_grammar,0,drift,-0.19349597700459584,1.0758197791402193,1.0758197791402193,std
4,language_grammar,0,timing_cv,0.9453232221277427,0.11346420688825282,0.12002689051990754,cv
4,language_grammar,0,mean_depth_excess,-0.16495417236876017,0.9655428911087368,0.9655428911087368,std
4,language_grammar,0,isolated_frac,0.0007440476190476189,0.0028382977819473,0.0028382977819473,std
4,language_grammar,0,d2_excess,-0.21798674543716304,0.9988032725047281,0.9988032725047281,std
4,language_grammar,1,drift,-0.3156525281438615,1.1446181004227316,1.1446181004227316,std
4,language_grammar,1,timing_cv,0.959499184285729,0.0974817097211438,0.10159644877000203,cv
4,language_grammar,1,mean_depth_excess,0.35994537188996933,0.5875284826421423,0.5875284826421423,std
4,language_grammar,1,isolated_frac,0.0010480012229610945,0.0032024816405864273,0.0032024816405864273,std
4,language_grammar,1,d2_excess,0.5537448533420513,0.46098257315742136,0.46098257315742136,std
4,language_grammar,2,drift,-0.1446333565488896,0.9305599096703246,0.9305599096703246,std
4,language_grammar,2,timing_cv,0.9016453181394225,0.09785853839334056,0.1085332962137209,cv
4,language_grammar,2,mean_depth_excess,0.052090791274345676,0.9393967139744331,0.9393967139744331,std
4,language_grammar,2,isolated_frac,0.0,0.0,0.0,std
4,language_grammar,2,d2_excess,0.11850286161348965,0.9674988685902906,0.9674988685902906,std
4,math_pythag,0,drift,0.16320115232205998,0.9340172085222511,0.9340172085222511,std
4,math_pythag,0,timing_cv,0.8919201172410234,0.07133897686033874,0.07998359436157984,cv
4,math_pythag,0,mean_depth_excess,0.6662032998994829,0.24140558093146092,0.24140558093146092,std
4,math_pythag,0,isolated_frac,0.00036630036630036635,0.002006309734451158,0.002006309734451158,std
4,math_pythag,0,d2_excess,0.9582638809485965,0.14011730024334496,0.14011730024334496,std
4,math_pythag,1,drift,-0.01759054336405327,0.99673798783018,0.99673798783018,std
4,math_pythag,1,timing_cv,0.8622372149649548,0.07569099998638845,0.0877844271538023,cv
4,math_pythag,1,mean_depth_excess,0.3689265427993393,0.5900269920386416,0.5900269920386416,std
4,math_pythag,1,isolated_frac,0.0,0.0,0.0,std
4,math_pythag,1,d2_excess,0.3013776480540617,0.5464887656135221,0.5464887656135221,std
4,math_pythag,2,drift,0.5003532334664335,0.9522830693294474,0.9522830693294474,std
4,math_pythag,2,timing_cv,0.8869500364121632,0.11749359295993249,0.1324692351727167,cv
4,math_pythag,2,mean_depth_excess,-1.0331340269411837,0.8146275047933452,0.8146275047933452,std
4,math_pythag,2,isolated_frac,0.0003367003367003367,0.0018441836953035902,0.0018441836953035902,std
4,math_pythag,2,d2_excess,-1.1725931306569495,0.9623286645996741,0.9623286645996741,std
4,music_notation,0,drift,-0.3351975763261441,1.1786796499085068,1.1786796499085068,std
4,music_notation,0,timing_cv,0.8900978925310902,0.0959309872687945,0.10777577171428224,cv
4,music_notation,0,mean_depth_excess,-0.48628050934843864,1.0272708319882486,1.0272708319882486,std
4,music_notation,0,isolated_frac,0.0007168458781362008,0.0027280444269081982,0.0027280444269081982,std
4,music_notation,0,d2_excess,-0.6934611901826506,1.1119629170210223,1.1119629170210223,std
4,music_notation,1,drift,-0.7505298501996476,1.0158822890734214,1.0158822890734214,std
4,music_notation,1,timing_cv,0.9726816288929357,0.11238082305854195,0.11553710866982135,cv
4,music_notation,1,mean_depth_excess,0.6717915840208686,0.7418711994849938,0.7418711994849938,std
4,music_notation,1,isolated_frac,0.0003831417624521073,0.002098553860173051,0.002098553860173051,std
4,music_notation,1,d2_excess,0.7987970671724176,0.4992180218770989,0.4992180218770989,std
4,music_notation,2,drift,-0.15929214268560146,1.1693387604433316,1.1693387604433316,std
4,music_notation,2,timing_cv,0.9208988888933761,0.15010846001239156,0.16300210785656782,cv
4,music_notation,2,mean_depth_excess,0.2880960046150102,0.969734264964576,0.969734264964576,std
4,music_notation,2,isolated_frac,0.0,0.0,0.0,std
4,music_notation,2,d2_excess,0.46962245157938814,0.973402480320645,0.973402480320645,std
4,physics_motion,0,drift,-0.6967809676983705,1.1863242712912871,1.1863242712912871,std
4,physics_motion,0,timing_cv,0.9221461868690481,0.09669497852360677,0.10485862209322154,cv
4,physics_motion,0,mean_depth_excess,0.46871733068122706,0.6572374155693628,0.6572374155693628,std
4,physics_motion,0,isolated_frac,0.0007936507936507937,0.004347004424644175,0.004347004424644175,std
4,physics_motion,0,d2_excess,0.5574023490708627,0.7030840734289363,0.7030840734289363,std
4,physics_motion,1,drift,-0.59385422202877,1.226587465144391,1.226587465144391,std
4,physics_motion,1,timing_cv,0.9699764918750945,0.12202061682077424,0.12579749905576787,cv
4,physics_motion,1,mean_depth_excess,0.32382754479207315,0.6026752736715488,0.6026752736715488,std
4,physics_motion,1,isolated_frac,0.00036630036630036635,0.002006309734451158,0.002006309734451158,std
4,physics_motion,1,d2_excess,0.3963545532699718,0.6735051822359023,0.6735051822359023,std
4,physics_motion,2,drift,-0.6758879851586894,1.1308155802297362,1.1308155802297362,std
4,physics_motion,2,timing_cv,0.9825148953720625,0.14369706162659915,0.14625433395814666,cv
4,physics_motion,2,mean_depth_excess,0.7070108500198725,0.3665665926258442,0.3665665926258442,std
4,physics_motion,2,isolated_frac,0.0003787878787878788,0.0020747066572165385,0.0020747066572165385,std
4,physics_motion,2,d2_excess,0.9191160645960768,0.3605272126748462,0.3605272126748462,std
4,weather_clouds,0,drift,-1.073023145207309,1.2503748723592063,1.2503748723592063,std
4,weather_clouds,0,timing_cv,0.9853851305112408,0.11634513562368126,0.11807072384309138,cv
4,weather_clouds,0,mean_depth_excess,0.3779077137087093,0.7652840500419452,0.7652840500419452,std
4,weather_clouds,0,isolated_frac,0.00045045045045045046,0.0024672187275007478,0.0024672187275007478,std
4,weather_clouds,0,d2_excess,0.2392002206642672,0.583747128550412,0.583747128550412,std
4,weather_clouds,1,drift,-1.175634648164292,1.180354833684654,1.180354833684654,std
4,weather_clouds,1,timing_cv,0.9775309843542092,0.10253397839254573,0.10489077076189378,cv
4,weather_clouds,1,mean_depth_excess,0.21624663734005103,0.9685368330426269,0.9685368330426269,std
4,weather_clouds,1,isolated_frac,0.0008681436383110659,0.003308599331749911,0.003308599331749911,std
4,weather_clouds,1,d2_excess,0.09290039151180948,0.8551519649775949,0.8551519649775949,std
4,weather_clouds,2,drift,-0.8091649947464951,1.2041268198881325,1.2041268198881325,std
4,weather_clouds,2,timing_cv,0.9449453556887646,0.09920154559695418,0.10498125103186186,cv
4,weather_clouds,2,mean_depth_excess,0.7032256822036632,0.2804782945306605,0.2804782945306605,std
4,weather_clouds,2,isolated_frac,0.003054367118694604,0.005932260993351625,0.005932260993351625,std
4,weather_clouds,2,d2_excess,0.5793473234437312,0.27359234810257094,0.27359234810257094,std
8,astronomy_solar,0,drift,-0.32737631148382534,1.2722499598567896,1.2722499598567896,std
8,astronomy_solar,0,timing_cv,0.9358199100407822,0.11042573860969233,0.11799891990423678,cv
8,astronomy_solar,0,mean_depth_excess,-0.2555991121852354,1.4902818395912854,1.4902818395912854,std
8,astronomy_solar,0,isolated_frac,0.005768691597696491,0.008778431622332234,0.008778431622332234,std
8,astronomy_solar,0,d2_excess,0.0671930689912533,1.0927044199333682,1.0927044199333682,std
8,astronomy_solar,1,drift,-0.8283424173221864,1.9931701825059296,1.9931701825059296,std
8,astronomy_solar,1,timing_cv,0.9323373723425067,0.20692041448606607,0.22193727359247278,cv
8,astronomy_solar,1,mean_depth_excess,-1.0434054284128453,1.7282462112399026,1.7282462112399026,std
8,astronomy_solar,1,isolated_frac,0.00879782081821086,0.017261908556394263,0.017261908556394263,std
8,astronomy_solar,1,d2_excess,-0.3417582308726084,1.3583857983531107,1.3583857983531107,std
8,astronomy_solar,2,drift,-0.032117968839051665,1.598079652417449,1.598079652417449,std
8,astronomy_solar,2,timing_cv,0.8816358685857889,0.16328807037637572,0.18521033024473268,cv
8,astronomy_solar,2,mean_depth_excess,-1.2015838249655793,1.7764075855465886,1.7764075855465886,std
8,astronomy_solar,2,isolated_frac,0.004736115309730721,0.011117668492174413,0.011117668492174413,std
8,astronomy_solar,2,d2_excess,-0.6467968283221335,1.2879764986287414,1.2879764986287414,std
8,biology_cells,0,drift,-0.6258957444477996,1.0240110339319048,1.0240110339319048,std
8,biology_cells,0,timing_cv,0.95439091135789,0.11083396845274576,0.11613057829213107,cv
8,biology_cells,0,mean_depth_excess,0.8807952575583821,0.046380718635363485,0.046380718635363485,std
8,biology_cells,0,isolated_frac,0.0053124071825860625,0.008889380235399471,0.008889380235399471,std
8,biology_cells,0,d2_excess,0.612344383448593,0.0,0.0,std
8,biology_cells,1,drift,-0.9343658251772395,1.2056981875919521,1.2056981875919521,std
8,biology_cells,1,timing_cv,0.9414531629456184,0.10013978257447147,0.10636724854283153,cv
8,biology_cells,1,mean_depth_excess,0.8682483165675218,0.16179354477880892,0.16179354477880892,std
8,biology_cells,1,isolated_frac,0.004646750694875159,0.006765189910162394,0.006765189910162394,std
8,biology_cells,1,d2_excess,0.612344383448593,0.0,0.0,std
8,biology_cells,2,drift,-0.193042566650037,1.4412398086333231,1.4412398086333231,std
8,biology_cells,2,timing_cv,0.8463124160140507,0.06491198364707483,0.0766997888945034,cv
8,biology_cells,2,mean_depth_excess,0.7580144778621077,0.632865156067594,0.632865156067594,std
8,biology_cells,2,isolated_frac,0.006628024753024753,0.009998920357789697,0.009998920357789697,std
8,biology_cells,2,d2_excess,0.5109208830844366,0.5555193901058181,0.5555193901058181,std
8,chemistry_periodic,0,drift,-0.546290562324073,1.0765769039624205,1.0765769039624205,std
8,chemistry_periodic,0,timing_cv,0.9187940339709241,0.10474520477514306,0.1140029222027554,cv
8,chemistry_periodic,0,mean_depth_excess,0.12439395782367144,0.5617168870398422,0.5617168870398422,std
8,chemistry_periodic,0,isolated_frac,0.0041150980330300355,0.0073593695228753465,0.0073593695228753465,std
8,chemistry_periodic,0,d2_excess,0.3651246013109621,0.2875395788551515,0.2875395788551515,std
8,chemistry_periodic,1,drift,-0.6656983355096627,1.0351040643383895,1.0351040643383895,std
8,chemistry_periodic,1,timing_cv,0.881899038274248,0.11227539022075249,0.12731093395958293,cv
8,chemistry_periodic,1,mean_depth_excess,0.8135795022502028,0.14511390469351715,0.14511390469351715,std
8,chemistry_periodic,1,isolated_frac,0.005217182870946491,0.008991472107638896,0.008991472107638896,std
8,chemistry_periodic,1,d2_excess,0.612344383448593,0.0,0.0,std
8,chemistry_periodic,2,drift,-0.7801307848125194,1.196862381886369,1.196862381886369,std
8,chemistry_periodic,2,timing_cv,0.8967507959395979,0.082078034726879,0.09152825411309419,cv
8,chemistry_periodic,2,mean_depth_excess,0.20953391454736509,0.3805137046895215,0.3805137046895215,std
8,chemistry_periodic,2,isolated_frac,0.0032397305423621215,0.0070175759641207085,0.0070175759641207085,std
8,chemistry_periodic,2,d2_excess,0.21298935076472786,0.37154778668451033,0.37154778668451033,std
8,cooking_techniques,0,drift,0.05572362748660816,1.24629217878407,1.24629217878407,std
8,cooking_techniques,0,timing_cv,0.9164444351386101,0.13770004853011206,0.15025466165800358,cv
8,cooking_techniques,0,mean_depth_excess,-0.2457408014067025,1.1001450505203356,1.1001450505203356,std
8,cooking_techniques,0,isolated_frac,0.0029168840619184983,0.00629125642899269,0.00629125642899269,std
8,cooking_techniques,0,d2_excess,-0.05958630646394202,0.6657946621076289,0.6657946621076289,std
8,cooking_techniques,1,drift,-0.32737631148382546,1.5588018800988934,1.5588018800988934,std
8,cooking_techniques,1,timing_cv,0.8868541047417098,0.09437554518479303,0.10641608882475576,cv
8,cooking_techniques,1,mean_depth_excess,0.25792925836925423,0.2556255415825198,0.2556255415825198,std
8,cooking_techniques,1,isolated_frac,0.003114945072608185,0.0058116622009108726,0.0058116622009108726,std
8,cooking_techniques,1,d2_excess,0.23834522585576695,0.03471996188161362,0.03471996188161362,std
8,cooking_techniques,2,drift,0.09055089466573847,1.0341635554539061,1.0341635554539061,std
8,cooking_techniques,2,timing_cv,0.8814398869710945,0.09562750564222772,0.10849010472039561,cv
8,cooking_techniques,2,mean_depth_excess,-0.0127261830050143,0.5200969418127914,0.5200969418127914,std
8,cooking_techniques,2,isolated_frac,0.0028046312716345427,0.005983607506511757,0.005983607506511757,std
8,cooking_techniques,2,d2_excess,0.16227760058264978,0.3819195806977498,0.3819195806977498,std
8,geography_capitals,0,drift,0.622910550118159,1.1093198787305028,1.1093198787305028,std
8,geography_capitals,0,timing_cv,0.864091433237605,0.10315144648685846,0.11937561526373126,cv
8,geography_capitals,0,mean_depth_excess,0.09840386577117546,1.183932465965993,1.183932465965993,std
8,geography_capitals,0,isolated_frac,0.004059879420950082,0.006546029667838972,0.006546029667838972,std
8,geography_capitals,0,d2_excess,0.03549822512745444,1.1502486649321726,1.1502486649321726,std
8,geography_capitals,1,drift,-0.5512658862068059,1.664733721362683,1.664733721362683,std
8,geography_capitals,1,timing_cv,0.8914250760833652,0.10417421620398078,0.11686255973602262,cv
8,geography_capitals,1,mean_depth_excess,0.31349428275734914,1.0827376996880944,1.0827376996880944,std
8,geography_capitals,1,isolated_frac,0.011944572855709946,0.013470894700119352,0.013470894700119352,std
8,geography_capitals,1,d2_excess,0.12424378794609113,1.1362867894096298,1.1362867894096298,std
8,geography_capitals,2,drift,-0.27264774877376335,1.4817147183443815,1.4817147183443815,std
8,geography_capitals,2,timing_cv,0.9222987369066104,0.11826600127551365,0.1282296034278197,cv
8,geography_capitals,2,mean_depth_excess,0.6316488578827306,0.566242741121774,0.566242741121774,std
8,geography_capitals,2,isolated_frac,0.004386870287982846,0.00733070764614821,0.00733070764614821,std
8,geography_capitals,2,d2_excess,0.3587856325382024,0.5937151989352436,0.5937151989352436,std
8,language_grammar,0,drift,-0.8348593475225813,1.5617560551282947,1.5617560551282947,std
8,language_grammar,0,timing_cv,0.958490328464988,0.09153903731297038,0.0955033500020487,cv
8,language_grammar,0,mean_depth_excess,0.3932569790563885,1.0506932131157851,1.0506932131157851,std
8,language_grammar,0,isolated_frac,0.00989100716680592,0.011382398303463362,0.011382398303463362,std
8,language_grammar,0,d2_excess,0.23200625708300712,1.008755574012306,1.008755574012306,std
8,language_grammar,1,drift,-0.22786983382916723,1.1289181186872987,1.1289181186872987,std
8,language_grammar,1,timing_cv,0.9298897159661483,0.0868397164828598,0.09338711353811888,cv
8,language_grammar,1,mean_depth_excess,-0.13192212241818557,0.846148760669237,0.846148760669237,std
8,language_grammar,1,isolated_frac,0.006932077626879969,0.009914486893825724,0.009914486893825724,std
8,language_grammar,1,d2_excess,0.016481318809175152,0.702256568064746,0.702256568064746,std
8,language_grammar,2,drift,-0.6209204205650666,1.20916572426845,1.20916572426845,std
8,language_grammar,2,timing_cv,0.9029304892240705,0.09824814213870717,0.10881030523527487,cv
8,language_grammar,2,mean_depth_excess,-0.02437691392509871,0.8262961995455225,0.8262961995455225,std
8,language_grammar,2,isolated_frac,0.005158620087563708,0.007533704438211989,0.007533704438211989,std
8,language_grammar,2,d2_excess,-0.34483990123813146,0.8540954882912034,0.8540954882912034,std
8,math_pythag,0,drift,0.011940777318558627,1.2027660926353547,1.2027660926353547,std
8,math_pythag,0,timing_cv,0.9271381168285018,0.09727650610174703,0.10492126721583256,cv
8,math_pythag,0,mean_depth_excess,0.2924034724250938,0.20411602655712446,0.20411602655712446,std
8,math_pythag,0,isolated_frac,0.004077355851462244,0.006683447883616627,0.006683447883616627,std
8,math_pythag,0,d2_excess,0.6098087959394891,0.011723990273588784,0.011723990273588784,std
8,math_pythag,1,drift,0.02587168419021074,0.9672605723304939,0.9672605723304939,std
8,math_pythag,1,timing_cv,0.8659565124857633,0.07388823452918401,0.08532557173926071,cv
8,math_pythag,1,mean_depth_excess,0.5716027831407575,0.6129149700120596,0.6129149700120596,std
8,math_pythag,1,isolated_frac,0.005386696139480392,0.007884782349075364,0.007884782349075364,std
8,math_pythag,1,d2_excess,0.4665481016751183,0.45685181163826544,0.45685181163826544,std
8,math_pythag,2,drift,0.4388235664570416,1.2200130297961438,1.2200130297961438,std
8,math_pythag,2,timing_cv,0.8479428088174469,0.09446085141765694,0.1114000265529622,cv
8,math_pythag,2,mean_depth_excess,-0.9770482191596929,0.7181244711596795,0.7181244711596795,std
8,math_pythag,2,isolated_frac,0.0028704127705159615,0.005309265063482067,0.005309265063482067,std
8,math_pythag,2,d2_excess,-0.8582963718316726,0.6586387466465888,0.6586387466465888,std
8,music_notation,0,drift,-0.2825983965392293,1.2847781340186797,1.2847781340186797,std
8,music_notation,0,timing_cv,0.8817083774662694,0.10498599974921004,0.11907111515817075,cv
8,music_notation,0,mean_depth_excess,-0.7915327345091182,0.9902436760318181,0.9902436760318181,std
8,music_notation,0,isolated_frac,0.004428475849048121,0.00906465089812118,0.00906465089812118,std
8,music_notation,0,d2_excess,-1.0674823413327448,1.0827876477754415,1.0827876477754415,std
8,music_notation,1,drift,-0.47663602796581245,1.1041485736621592,1.1041485736621592,std
8,music_notation,1,timing_cv,0.9128331266433712,0.11238602609300564,0.1231178216617384,cv
8,music_notation,1,mean_depth_excess,0.04373505145385626,0.92877137765927,0.92877137765927,std
8,music_notation,1,isolated_frac,0.006356636696494359,0.010698342476735628,0.010698342476735628,std
8,music_notation,1,d2_excess,0.15593863180988993,0.8586339984650968,0.8586339984650968,std
8,music_notation,2,drift,-0.5363399145586072,1.1937452824721824,1.1937452824721824,std
8,music_notation,2,timing_cv,0.9202530403977618,0.13310802489839021,0.1446428526232924,cv
8,music_notation,2,mean_depth_excess,0.18354382249486917,0.7109059514648152,0.7109059514648152,std
8,music_notation,2,isolated_frac,0.006705998775178561,0.01093626616018358,0.01093626616018358,std
8,music_notation,2,d2_excess,0.40949738272028047,0.518840251038101,0.518840251038101,std
8,physics_motion,0,drift,-0.31742566371835956,1.3215340496555275,1.3215340496555275,std
8,physics_motion,0,timing_cv,0.9085098683373004,0.09188614137191124,0.10113939823248776,cv
8,physics_motion,0,mean_depth_excess,-0.2448445913359267,1.0385858895416598,1.0385858895416598,std
8,physics_motion,0,isolated_frac,0.005812730727445028,0.010730373795850782,0.010730373795850782,std
8,physics_motion,0,d2_excess,-0.16734877560085798,1.0491737868733115,1.0491737868733115,std
8,physics_motion,1,drift,-0.5178830678968561,1.1674659236742873,1.1674659236742873,std
8,physics_motion,1,timing_cv,0.8673554619279369,0.1002341019715553,0.11556288784849218,cv
8,physics_motion,1,mean_depth_excess,-0.16141032474693523,1.2103040624357653,1.2103040624357653,std
8,physics_motion,1,isolated_frac,0.0063902083710845525,0.007385869751526592,0.007385869751526592,std
8,physics_motion,1,d2_excess,-0.1123428852823942,0.9503569336324583,0.9503569336324583,std
8,physics_motion,2,drift,-0.45313191169221223,1.2940219166315634,1.2940219166315634,std
8,physics_motion,2,timing_cv,0.8965438591515594,0.11952685019564913,0.13331957937759215,cv
8,physics_motion,2,mean_depth_excess,0.4595147167027041,0.4521509708126024,0.4521509708126024,std
8,physics_motion,2,isolated_frac,0.004669978198322714,0.00851953257275238,0.00851953257275238,std
8,physics_motion,2,d2_excess,0.5799937841945086,0.17351309105449472,0.17351309105449472,std
8,weather_clouds,0,drift,-0.8249086997571154,1.2223615900787919,1.2223615900787919,std
8,weather_clouds,0,timing_cv,0.8890032898810212,0.06567253999414419,0.07387210007168073,cv
8,weather_clouds,0,mean_depth_excess,0.04104642124152913,0.5304891210020367,0.5304891210020367,std
8,weather_clouds,0,isolated_frac,0.00406140569970206,0.0063367859913535714,0.0063367859913535714,std
8,weather_clouds,0,d2_excess,-0.16734877560085806,0.5150206149298983,0.5150206149298983,std
8,weather_clouds,1,drift,-1.1184528088383567,1.0988830272242522,1.0988830272242522,std
8,weather_clouds,1,timing_cv,0.8855212820419069,0.0902434844343244,0.10191001194938379,cv
8,weather_clouds,1,mean_depth_excess,0.3816062481363041,0.40021921015424533,0.40021921015424533,std
8,weather_clouds,1,isolated_frac,0.007671370398484866,0.01141869339716829,0.01141869339716829,std
8,weather_clouds,1,d2_excess,0.13058275671885092,0.3923880112292461,0.3923880112292461,std
8,weather_clouds,2,drift,-0.8398346714053143,0.9743823819631525,0.9743823819631525,std
8,weather_clouds,2,timing_cv,0.8840942002259303,0.08860953157687064,0.1002263464167353,cv
8,weather_clouds,2,mean_depth_excess,0.018641169472136006,0.532587686569908,0.532587686569908,std
8,weather_clouds,2,isolated_frac,0.006677625009203114,0.008345026240064668,0.008345026240064668,std
8,weather_clouds,2,d2_excess,-0.04056940014566273,0.3624870440217369,0.3624870440217369,std
16,astronomy_solar,0,drift,-0.21880986379871023,1.0924603584067178,1.0924603584067178,std
16,astronomy_solar,0,timing_cv,0.8838111091417511,0.11890961979398794,0.1345418931308279,cv
16,astronomy_solar,0,mean_depth_excess,0.15897409570013948,1.130177543031909,1.130177543031909,std
16,astronomy_solar,0,isolated_frac,0.009663486877934491,0.011210201126825439,0.011210201126825439,std
16,astronomy_solar,0,d2_excess,0.503779811645607,0.9561984989990227,0.9561984989990227,std
16,astronomy_solar,1,drift,-1.7605590879647086,1.3274891407017886,1.3274891407017886,std
16,astronomy_solar,1,timing_cv,0.9188582840015921,0.15303454456180432,0.1665485823290887,cv
16,astronomy_solar,1,mean_depth_excess,-1.2894709714219519,1.901188612113576,1.901188612113576,std
16,astronomy_solar,1,isolated_frac,0.021430797300861868,0.02709294769835914,0.02709294769835914,std
16,astronomy_solar,1,d2_excess,-0.46356419623935474,1.2298129425358335,1.2298129425358335,std
16,astronomy_solar,2,drift,-0.4206068300701627,1.469106695308408,1.469106695308408,std
16,astronomy_solar,2,timing_cv,0.8577136543455206,0.13710952190019035,0.15985465686075842,cv
16,astronomy_solar,2,mean_depth_excess,-1.4754840399341762,6.199532374188054,6.199532374188054,std
16,astronomy_solar,2,isolated_frac,0.01412143196430416,0.016157773377677508,0.016157773377677508,std
16,astronomy_solar,2,d2_excess,-0.6042507500360355,3.3212532830636174,3.3212532830636174,std
16,biology_cells,0,drift,-0.2499413484855187,0.9479268168841125,0.9479268168841125,std
16,biology_cells,0,timing_cv,0.8454038872732859,0.08938247702607655,0.10572754439817557,cv
16,biology_cells,0,mean_depth_excess,0.9092051089227143,0.1464672852000888,0.1464672852000888,std
16,biology_cells,0,isolated_frac,0.0022679430029626177,0.006075767464065899,0.006075767464065899,std
16,biology_cells,0,d2_excess,0.7032965687329767,1.1292025708167404e-16,1.1292025708167404e-16,std
16,biology_cells,1,drift,-0.46786174129317737,1.0550349894674746,1.0550349894674746,std
16,biology_cells,1,timing_cv,0.820114662968761,0.10240602000847378,0.12486792961092871,cv
16,biology_cells,1,mean_depth_excess,0.7392871443156821,0.5488419767825017,0.5488419767825017,std
16,biology_cells,1,isolated_frac,0.00716386453511276,0.01251430244249266,0.01251430244249266,std
16,biology_cells,1,d2_excess,0.6160079875072525,0.33579948981938923,0.33579948981938923,std
16,biology_cells,2,drift,-0.21436250884345182,1.0193181790444792,1.0193181790444792,std
16,biology_cells,2,timing_cv,0.8253542716099248,0.10239862731433533,0.12406627170487403,cv
16,biology_cells,2,mean_depth_excess,0.9063251434209003,0.17964495043100204,0.17964495043100204,std
16,biology_cells,2,isolated_frac,0.006245251267114321,0.013542471755494856,0.013542471755494856,std
16,biology_cells,2,d2_excess,0.6658871767790948,0.20489967835693337,0.20489967835693337,std
16,chemistry_periodic,0,drift,-0.15209953946983504,1.0841409734027687,1.0841409734027687,std
16,chemistry_periodic,0,timing_cv,0.8867157186857194,0.09829200297494416,0.11084951005563713,cv
16,chemistry_periodic,0,mean_depth_excess,-2.4373148041852772,3.072065703307472,3.072065703307472,std
16,chemistry_periodic,0,isolated_frac,0.009298474189334771,0.015540108199644902,0.015540108199644902,std
16,chemistry_periodic,0,d2_excess,-1.4913877592280904,2.4476492431277737,2.4476492431277737,std
16,chemistry_periodic,1,drift,-0.014231535856826369,0.9941672779700506,0.9941672779700506,std
16,chemistry_periodic,1,timing_cv,0.8565698231812165,0.07980289198633657,0.09316565891844804,cv
16,chemistry_periodic,1,mean_depth_excess,0.065375216891181,0.8013501666600351,0.8013501666600351,std
16,chemistry_periodic,1,isolated_frac,0.00909846342624874,0.013013927504016308,0.013013927504016308,std
16,chemistry_periodic,1,d2_excess,0.628477784825213,0.22829349038915936,0.22829349038915936,std
16,chemistry_periodic,2,drift,-0.7035715539218697,1.081836016387986,1.081836016387986,std
16,chemistry_periodic,2,timing_cv,0.878652141973962,0.09206814207865921,0.10478338090865037,cv
16,chemistry_periodic,2,mean_depth_excess,0.44985061138336424,0.14918800272040184,0.14918800272040184,std
16,chemistry_periodic,2,isolated_frac,0.009761882165025684,0.011165503774882776,0.011165503774882776,std
16,chemistry_periodic,2,d2_excess,0.6908267714150161,0.06829989278564445,0.06829989278564445,std
16,cooking_techniques,0,drift,-0.37001993227749386,1.2427785565412508,1.2427785565412508,std
16,cooking_techniques,0,timing_cv,0.8872922975145751,0.12288982716407915,0.1384998241372207,cv
16,cooking_techniques,0,mean_depth_excess,0.4167310081125019,0.29432622609904163,0.29432622609904163,std
16,cooking_techniques,0,isolated_frac,0.015185263294102087,0.017501970296860313,0.017501970296860313,std
16,cooking_techniques,0,d2_excess,-0.032421473026699274,0.38657065216571057,0.38657065216571057,std
16,cooking_techniques,1,drift,-0.6190718097719611,1.0902105277565917,1.0902105277565917,std
16,cooking_techniques,1,timing_cv,0.8853604927042855,0.10722981071906021,0.121114293672098,cv
16,cooking_techniques,1,mean_depth_excess,-0.4026191771536112,1.2656581514049647,1.2656581514049647,std
16,cooking_techniques,1,isolated_frac,0.0055308418373492315,0.008709513414026223,0.008709513414026223,std
16,cooking_techniques,1,d2_excess,-0.5561529603810449,1.172677740456188,1.172677740456188,std
16,cooking_techniques,2,drift,0.32376744074280767,0.8535781909434715,0.8535781909434715,std
16,cooking_techniques,2,timing_cv,0.894615462283565,0.1599405356585677,0.17878132270406877,cv
16,cooking_techniques,2,mean_depth_excess,-2.5165138554851656,2.6270100122573403,2.6270100122573403,std
16,cooking_techniques,2,isolated_frac,0.006026231536131162,0.00968446622563189,0.00968446622563189,std
16,cooking_techniques,2,d2_excess,-3.0376426266552063,2.7190114284564264,2.7190114284564264,std
16,geography_capitals,0,drift,0.21258356686134913,0.8079527988896742,0.8079527988896742,std
16,geography_capitals,0,timing_cv,0.8420359002817465,0.06877744259525209,0.08167994092916829,cv
16,geography_capitals,0,mean_depth_excess,0.22809326774367805,0.6732125808844127,0.6732125808844127,std
16,geography_capitals,0,isolated_frac,0.011086905531236821,0.012533622055440254,0.012533622055440254,std
16,geography_capitals,0,d2_excess,0.30426305455823716,0.4905539982361135,0.4905539982361135,std
16,geography_capitals,1,drift,-0.16544160433561006,1.254609191640718,1.254609191640718,std
16,geography_capitals,1,timing_cv,0.8981921515237722,0.1242604700300558,0.1383450855357057,cv
16,geography_capitals,1,mean_depth_excess,-0.2255012987920438,1.889134250589205,1.889134250589205,std
16,geography_capitals,1,isolated_frac,0.01086459061014432,0.012649951054360432,0.012649951054360432,std
16,geography_capitals,1,d2_excess,0.12968589210678863,1.0477086561884876,1.0477086561884876,std
16,geography_capitals,2,drift,-0.3433358025459438,0.9844882331124871,0.9844882331124871,std
16,geography_capitals,2,timing_cv,0.8447389800037036,0.10871093884946166,0.1286917514437241,cv
16,geography_capitals,2,mean_depth_excess,0.4484106286324572,0.6643553691690235,0.6643553691690235,std
16,geography_capitals,2,isolated_frac,0.010487943040137154,0.01104482271692034,0.01104482271692034,std
16,geography_capitals,2,d2_excess,0.3541422438300796,0.5098491518939131,0.5098491518939131,std
16,language_grammar,0,drift,-0.9748602061926286,1.2002660153418174,1.2002660153418174,std
16,language_grammar,0,timing_cv,0.9094337508095495,0.13365461965797013,0.14696465744645495,cv
16,language_grammar,0,mean_depth_excess,0.6212085587413035,0.6684112414751338,0.6684112414751338,std
16,language_grammar,0,isolated_frac,0.010980906010079944,0.016303814390976012,0.016303814390976012,std
16,language_grammar,0,d2_excess,0.44143082505580394,0.6225000963596115,0.6225000963596115,std
16,language_grammar,1,drift,-0.539019420577311,1.0886328797763392,1.0886328797763392,std
16,language_grammar,1,timing_cv,0.9222416581483017,0.10032586921639329,0.10878479445162985,cv
16,language_grammar,1,mean_depth_excess,0.26841278476907543,0.6001928543751189,0.6001928543751189,std
16,language_grammar,1,isolated_frac,0.014251496241358961,0.020005472832782027,0.020005472832782027,std
16,language_grammar,1,d2_excess,0.3541422438300797,0.5192279113623374,0.5192279113623374,std
16,language_grammar,2,drift,-0.6546506494140278,1.0537542299218916,1.0537542299218916,std
16,language_grammar,2,timing_cv,0.9249086984329199,0.10429614225903173,0.11276371650060327,cv
16,language_grammar,2,mean_depth_excess,0.662968058517608,0.26233918928503697,0.26233918928503697,std
16,language_grammar,2,isolated_frac,0.010590969339688283,0.011791766762429294,0.011791766762429294,std
16,language_grammar,2,d2_excess,0.6908267714150161,0.06829989278564444,0.06829989278564444,std
16,math_pythag,0,drift,-0.5132247618368125,1.1045768151430306,1.1045768151430306,std
16,math_pythag,0,timing_cv,0.8774481391440955,0.08734697626551174,0.09954659696550741,cv
16,math_pythag,0,mean_depth_excess,0.029567645818625764,0.2925544581801974,0.2925544581801974,std
16,math_pythag,0,isolated_frac,0.011466504161469432,0.013172451154673803,0.013172451154673803,std
16,math_pythag,0,d2_excess,0.6983086498057923,0.023063022979011333,0.023063022979011333,std
16,math_pythag,1,drift,-0.9214919467295284,0.8614522550124931,0.8614522550124931,std
16,math_pythag,1,timing_cv,0.9277874506894604,0.12493327626731213,0.13465721720472862,cv
16,math_pythag,1,mean_depth_excess,0.7479270408211239,0.4562057386149001,0.4562057386149001,std
16,math_pythag,1,isolated_frac,0.015094808578261629,0.01733736524801059,0.01733736524801059,std
16,math_pythag,1,d2_excess,0.6409475821431736,0.19851990796199934,0.19851990796199934,std
16,math_pythag,2,drift,-0.5923876800404112,1.0956023596599702,1.0956023596599702,std
16,math_pythag,2,timing_cv,0.8582727214250874,0.07551229971911069,0.08798170771841504,cv
16,math_pythag,2,mean_depth_excess,-0.47749828020077817,0.4408031257130698,0.4408031257130698,std
16,math_pythag,2,isolated_frac,0.01007150619000643,0.01292395521293655,0.01292395521293655,std
16,math_pythag,2,d2_excess,-1.092354245053351,0.8643052052419146,0.8643052052419146,std
16,music_notation,0,drift,-0.4011514169643023,0.870983360456112,0.870983360456112,std
16,music_notation,0,timing_cv,0.8903959798425419,0.09935894463840246,0.11158961505640799,cv
16,music_notation,0,mean_depth_excess,-0.27590069507379056,0.5579413364249787,0.5579413364249787,std
16,music_notation,0,isolated_frac,0.008793564979867897,0.011221604258747214,0.011221604258747214,std
16,music_notation,0,d2_excess,-0.40651539256551755,0.5599212403352998,0.5599212403352998,std
16,music_notation,1,drift,-0.592387680040411,0.9625883639244671,0.9625883639244671,std
16,music_notation,1,timing_cv,0.9013991088285181,0.10444015874613496,0.11586450188736944,cv
16,music_notation,1,mean_depth_excess,0.06105526863845985,0.5961046416110986,0.5961046416110986,std
16,music_notation,1,isolated_frac,0.01400156868852991,0.01396253012486672,0.01396253012486672,std
16,music_notation,1,d2_excess,0.3541422438300796,0.2936320234126241,0.2936320234126241,std
16,music_notation,2,drift,-0.1654416043356101,1.1014137252301925,1.1014137252301925,std
16,music_notation,2,timing_cv,0.9102552464061603,0.11862605869060482,0.1303217522326406,cv
16,music_notation,2,mean_depth_excess,-0.3795794531390984,1.5848131986823466,1.5848131986823466,std
16,music_notation,2,isolated_frac,0.010734478408086051,0.014279334606641336,0.014279334606641336,std
16,music_notation,2,d2_excess,0.02992751356310381,1.6064874962013564,1.6064874962013564,std
16,physics_motion,0,drift,-0.3433358025459439,1.1198366813732368,1.1198366813732368,std
16,physics_motion,0,timing_cv,0.9188498486354055,0.10997704783813075,0.11968990145828388,cv
16,physics_motion,0,mean_depth_excess,0.20073359547644407,1.0817483644730237,1.0817483644730237,std
16,physics_motion,0,isolated_frac,0.00694368969105089,0.010605239943394375,0.010605239943394375,std
16,physics_motion,0,d2_excess,0.7032965687329767,1.1292025708167404e-16,1.1292025708167404e-16,std
16,physics_motion,1,drift,-0.29737980134160763,0.8875314654950217,0.8875314654950217,std
16,physics_motion,1,timing_cv,0.8717312987952014,0.0927562192148063,0.10640459892056464,cv
16,physics_motion,1,mean_depth_excess,0.8933652986627367,0.1320091016584668,0.1320091016584668,std
16,physics_motion,1,isolated_frac,0.01448915070178739,0.012117659916637815,0.012117659916637815,std
16,physics_motion,1,d2_excess,0.6899954515938188,0.06829465887684441,0.06829465887684441,std
16,physics_motion,2,drift,0.08932830095847505,1.0568198740457078,1.0568198740457078,std
16,physics_motion,2,timing_cv,0.8671106790175221,0.0788829256980052,0.09097215339036457,cv
16,physics_motion,2,mean_depth_excess,-0.8516880836150538,1.2366589374124697,1.2366589374124697,std
16,physics_motion,2,isolated_frac,0.005024486314888209,0.00785476261959948,0.00785476261959948,std
16,physics_motion,2,d2_excess,-0.183840440459078,1.0819903693408812,1.0819903693408812,std
16,weather_clouds,0,drift,-0.47230909624843587,0.8679240487187556,0.8679240487187556,std
16,weather_clouds,0,timing_cv,0.8401854362934752,0.08281711820395324,0.0985700473092054,cv
16,weather_clouds,0,mean_depth_excess,0.04809542388029639,0.49169774498740837,0.49169774498740837,std
16,weather_clouds,0,isolated_frac,0.008016429311970974,0.011033790018471101,0.011033790018471101,std
16,weather_clouds,0,d2_excess,-0.007481878390778037,0.7039906192387488,0.7039906192387488,std
16,weather_clouds,1,drift,-1.3084118278370045,1.1813221422971523,1.1813221422971523,std
16,weather_clouds,1,timing_cv,0.8455299590886034,0.09291988324912265,0.10989543569725309,cv
16,weather_clouds,1,mean_depth_excess,0.32745207755626465,0.36767285153887214,0.36767285153887214,std
16,weather_clouds,1,isolated_frac,0.01875586626694344,0.022808562254100235,0.022808562254100235,std
16,weather_clouds,1,d2_excess,0.004987918927182559,0.336517266533977,0.336517266533977,std
16,weather_clouds,2,drift,-0.7124662638323862,1.2281298924133814,1.2281298924133814,std
16,weather_clouds,2,timing_cv,0.8723850615999135,0.09640822983547956,0.11051109662363012,cv
16,weather_clouds,2,mean_depth_excess,-0.287420557081047,0.995350352288302,0.995350352288302,std
16,weather_clouds,2,isolated_frac,0.011082858359986346,0.012417359882933892,0.012417359882933892,std
16,weather_clouds,2,d2_excess,-0.41898518988347816,0.9725449565823555,0.9725449565823555,std
