topic,paraphrase_idx,category,K,r_drift,abs_r_drift,r_timing_cv,abs_r_timing_cv,r_mean_depth_excess,abs_r_mean_depth_excess,r_isolated_frac,abs_r_isolated_frac,r_d2_excess,abs_r_d2_excess
control_astronomy_stars,0,control,30,-0.08162726427927479,0.08162726427927479,-0.0900682107952258,0.0900682107952258,-0.07707236993268676,0.07707236993268676,-0.29644384777070587,0.29644384777070587,0.012279623852000376,0.012279623852000376
control_astronomy_stars,1,control,30,-0.16750754838942844,0.16750754838942844,-0.05586024708974979,0.05586024708974979,0.17501819026563403,0.17501819026563403,0.1769516359611127,0.1769516359611127,0.16793799221676864,0.16793799221676864
control_astronomy_stars,2,control,30,0.3236895514840739,0.3236895514840739,-0.04291895593315344,0.04291895593315344,-0.33196680222556246,0.33196680222556246,0.056030018679927296,0.056030018679927296,-0.361662567791626,0.361662567791626
control_astronomy_stars,3,control,30,-0.09840913072190076,0.09840913072190076,0.2279433487142696,0.2279433487142696,-0.16253010856383301,0.16253010856383301,0.025716784721983528,0.025716784721983528,-0.1504681159718142,0.1504681159718142
control_astronomy_stars,4,control,30,-0.2460941433155735,0.2460941433155735,-0.003946557182033943,0.003946557182033943,-0.31534087046209974,0.31534087046209974,0.15802816553526006,0.15802816553526006,-0.3723668887766261,0.3723668887766261
control_biology_photosynthesis,0,control,30,0.5677109139663415,0.5677109139663415,0.05198302681655064,0.05198302681655064,-0.16998470526732165,0.16998470526732165,-0.14567288235522738,0.14567288235522738,-0.15106970812845733,0.15106970812845733
control_biology_photosynthesis,1,control,30,0.18447342838465822,0.18447342838465822,0.06748470588185622,0.06748470588185622,-0.06479706348054193,0.06479706348054193,-0.16455482658586038,0.16455482658586038,-0.07417904256679717,0.07417904256679717
control_biology_photosynthesis,2,control,30,0.25550052699700676,0.25550052699700676,0.2282652729407032,0.2282652729407032,0.22976751736228973,0.22976751736228973,-0.2062182466985326,0.2062182466985326,0.18902683492124878,0.18902683492124878
control_biology_photosynthesis,3,control,30,-0.37454397696871145,0.37454397696871145,0.004142831779335755,0.004142831779335755,-0.2274722220607401,0.2274722220607401,0.05498585360638201,0.05498585360638201,-0.19238492473806681,0.19238492473806681
control_biology_photosynthesis,4,control,30,0.2973070214399326,0.2973070214399326,-0.01340637205880258,0.01340637205880258,0.10197268102668969,0.10197268102668969,-0.17228084292032012,0.17228084292032012,0.12187718924587994,0.12187718924587994
control_chemistry_organic,0,control,30,-0.1601516892389499,0.1601516892389499,0.18975062747964228,0.18975062747964228,0.12137002264793081,0.12137002264793081,0.2026680256860412,0.2026680256860412,0.12003516043420978,0.12003516043420978
control_chemistry_organic,1,control,30,0.2664549282282844,0.2664549282282844,-0.07882666953807367,0.07882666953807367,-0.21591772347546334,0.21591772347546334,0.28619108213680544,0.28619108213680544,-0.20458338873893162,0.20458338873893162
control_chemistry_organic,2,control,30,-0.2609518013271328,0.2609518013271328,-0.23565967748076155,0.23565967748076155,0.022271312289171247,0.022271312289171247,-0.0034098121630257473,0.0034098121630257473,-0.025615599469758603,0.025615599469758603
control_chemistry_organic,3,control,30,-0.06209140375592625,0.06209140375592625,0.2206103696539549,0.2206103696539549,0.22684310943056493,0.22684310943056493,0.07143257952756561,0.07143257952756561,0.20710833428825798,0.20710833428825798
control_chemistry_organic,4,control,30,-0.46194072963473204,0.46194072963473204,0.14764772579586138,0.14764772579586138,-0.08661844898762554,0.08661844898762554,0.13171221860486287,0.13171221860486287,-0.15430334778975768,0.15430334778975768
control_geography_rivers,0,control,30,0.060592512334413276,0.060592512334413276,0.012801301053336357,0.012801301053336357,0.05006274965583428,0.05006274965583428,-0.35007227902994115,0.35007227902994115,0.05553075807254256,0.05553075807254256
control_geography_rivers,1,control,30,-0.03561329890666682,0.03561329890666682,-0.05253174488954569,0.05253174488954569,-0.19287686086733344,0.19287686086733344,-0.003007236560332683,0.003007236560332683,-0.19118133470566498,0.19118133470566498
control_geography_rivers,2,control,30,-0.3107754726011635,0.3107754726011635,-0.2564733995617737,0.2564733995617737,0.061016886391825606,0.061016886391825606,0.25252403372009186,0.25252403372009186,0.02885436545312669,0.02885436545312669
control_geography_rivers,3,control,30,-0.14367352117013962,0.14367352117013962,-0.14901857171780603,0.14901857171780603,0.03139170163831489,0.03139170163831489,0.07020983364218675,0.07020983364218675,-0.02164718306844165,0.02164718306844165
control_geography_rivers,4,control,30,0.26466235011261385,0.26466235011261385,-0.33518487210604864,0.33518487210604864,0.04852013707014774,0.04852013707014774,-0.346598674973852,0.346598674973852,0.13948567224705558,0.13948567224705558
control_geology_plate_tectonics,0,control,30,-0.11815648888375323,0.11815648888375323,0.0895646962145653,0.0895646962145653,-0.04378307212521625,0.04378307212521625,0.18683587309434205,0.18683587309434205,,
control_geology_plate_tectonics,1,control,30,-0.4375437765165316,0.4375437765165316,-0.08698729395571697,0.08698729395571697,0.16051815211888038,0.16051815211888038,0.05197058212709447,0.05197058212709447,0.14954109160450488,0.14954109160450488
control_geology_plate_tectonics,2,control,30,-0.045359471002140765,0.045359471002140765,-0.05051965291291588,0.05051965291291588,-0.1510687809286129,0.1510687809286129,-0.08489770804978157,0.08489770804978157,-0.3225995105457918,0.3225995105457918
control_geology_plate_tectonics,3,control,30,0.03053062997646179,0.03053062997646179,-0.33229398670931937,0.33229398670931937,-0.07627053439778733,0.07627053439778733,-0.17087962124948464,0.17087962124948464,-0.29001486601481685,0.29001486601481685
control_geology_plate_tectonics,4,control,30,-0.09256225811742241,0.09256225811742241,0.1537125939369074,0.1537125939369074,0.19904260211100896,0.19904260211100896,0.022824998710066734,0.022824998710066734,0.10875973123792528,0.10875973123792528
control_history_renaissance,0,control,30,0.09487978248049543,0.09487978248049543,-0.3062817887154005,0.3062817887154005,0.18575523493819102,0.18575523493819102,-0.16646942408343254,0.16646942408343254,0.1535523229082621,0.1535523229082621
control_history_renaissance,1,control,30,-0.03881586763977626,0.03881586763977626,0.05874209025846843,0.05874209025846843,-0.16863252523671468,0.16863252523671468,-0.02171937458366793,0.02171937458366793,-0.0382953301688415,0.0382953301688415
control_history_renaissance,2,control,30,0.47006979481198746,0.47006979481198746,0.12144909931877278,0.12144909931877278,-0.22873056083515295,0.22873056083515295,-0.1408282959441509,0.1408282959441509,-0.018215570046172865,0.018215570046172865
control_history_renaissance,3,control,30,-0.12426740901813435,0.12426740901813435,0.02131877675716585,0.02131877675716585,0.22698215575254002,0.22698215575254002,-0.14408979202303596,0.14408979202303596,0.01329357226990674,0.01329357226990674
control_history_renaissance,4,control,30,-0.15949556876373522,0.15949556876373522,-0.2519764542358715,0.2519764542358715,0.24208946375697005,0.24208946375697005,-0.06787539668397863,0.06787539668397863,0.2457334040274482,0.2457334040274482
control_language_etymology,0,control,30,0.0431549724071179,0.0431549724071179,0.19616815838854887,0.19616815838854887,-0.0016552456650700852,0.0016552456650700852,0.11072303529587696,0.11072303529587696,0.07232320407802642,0.07232320407802642
control_language_etymology,1,control,30,-0.27404553822456407,0.27404553822456407,0.1469039789131169,0.1469039789131169,0.08068850671878067,0.08068850671878067,0.20464793728313835,0.20464793728313835,0.11786445926182407,0.11786445926182407
control_language_etymology,2,control,30,0.03297106233911383,0.03297106233911383,0.26987569860415883,0.26987569860415883,-0.007657107520340954,0.007657107520340954,-0.13874229027498458,0.13874229027498458,-0.22786497516500653,0.22786497516500653
control_language_etymology,3,control,30,0.44527968284674635,0.44527968284674635,0.0981673303189573,0.0981673303189573,0.0567922807243685,0.0567922807243685,-0.059202000586884414,0.059202000586884414,0.15294794272041504,0.15294794272041504
control_language_etymology,4,control,30,0.05494669462183244,0.05494669462183244,0.18673502469975484,0.18673502469975484,0.08277840304610365,0.08277840304610365,-0.18292284773602274,0.18292284773602274,0.025866938072362067,0.025866938072362067
control_math_calculus,0,control,30,-0.3427859192732016,0.3427859192732016,0.021382141159098946,0.021382141159098946,-0.24078730206979082,0.24078730206979082,-0.07841043156535421,0.07841043156535421,-0.12049552242893856,0.12049552242893856
control_math_calculus,1,control,30,-0.09703985692336935,0.09703985692336935,-0.1051125842837956,0.1051125842837956,-0.29930538537216234,0.29930538537216234,0.25452267671671824,0.25452267671671824,-0.2753357084183772,0.2753357084183772
control_math_calculus,2,control,30,-0.47634557395247723,0.47634557395247723,0.46542982608116135,0.46542982608116135,0.036576464692319455,0.036576464692319455,-0.038437514472381966,0.038437514472381966,0.04240731341898523,0.04240731341898523
control_math_calculus,3,control,30,-0.22478359666918096,0.22478359666918096,-0.031155667567303785,0.031155667567303785,-0.016544268681619317,0.016544268681619317,0.011440085451741437,0.011440085451741437,-0.010191114352657682,0.010191114352657682
control_math_calculus,4,control,30,-0.13685036056652308,0.13685036056652308,-0.036684551408916174,0.036684551408916174,0.14690335396061413,0.14690335396061413,0.27417209404707427,0.27417209404707427,0.28924635229037915,0.28924635229037915
control_music_classical,0,control,30,-0.07498301589570461,0.07498301589570461,0.07531726765907623,0.07531726765907623,0.4184572218926599,0.4184572218926599,0.1894509321058644,0.1894509321058644,0.4123360320827806,0.4123360320827806
control_music_classical,1,control,30,0.08076835157173191,0.08076835157173191,-0.16516496441228767,0.16516496441228767,-0.07702012601086142,0.07702012601086142,-0.016339958951419216,0.016339958951419216,-0.06966817732912367,0.06966817732912367
control_music_classical,2,control,30,-0.1827522952171572,0.1827522952171572,-0.15734217747371868,0.15734217747371868,0.17559883101538493,0.17559883101538493,-0.015213432228688721,0.015213432228688721,0.16212430161764235,0.16212430161764235
control_music_classical,3,control,30,0.28308515124675176,0.28308515124675176,-0.042369686107708464,0.042369686107708464,0.03356982538331176,0.03356982538331176,-0.10282980702781351,0.10282980702781351,0.01310322307696388,0.01310322307696388
control_music_classical,4,control,30,0.11490026476122225,0.11490026476122225,0.17973122771350716,0.17973122771350716,-0.08235625589580141,0.08235625589580141,0.1643270395735718,0.1643270395735718,-0.21743219550977147,0.21743219550977147
control_physics_thermodynamics,0,control,30,0.1530633499958441,0.1530633499958441,0.0011834616824119761,0.0011834616824119761,0.07360223647936869,0.07360223647936869,-0.28393536270946046,0.28393536270946046,0.034798105613320744,0.034798105613320744
control_physics_thermodynamics,1,control,30,-0.28473007769856346,0.28473007769856346,-0.0004212882537435376,0.0004212882537435376,-0.008952705471212439,0.008952705471212439,-0.033301997693232985,0.033301997693232985,-0.012051723610986529,0.012051723610986529
control_physics_thermodynamics,2,control,30,-0.13003607701435618,0.13003607701435618,-0.14210446773852092,0.14210446773852092,-0.022697094488592445,0.022697094488592445,0.20302693771816238,0.20302693771816238,-0.02561857071078018,0.02561857071078018
control_physics_thermodynamics,3,control,30,0.3395238089944403,0.3395238089944403,0.10054757525416261,0.10054757525416261,-0.1704866515826284,0.1704866515826284,-0.10099508333768438,0.10099508333768438,-0.1969682413647096,0.1969682413647096
control_physics_thermodynamics,4,control,30,0.04982601161709681,0.04982601161709681,0.30004785433111475,0.30004785433111475,0.20574110395872222,0.20574110395872222,-0.2880057408126292,0.2880057408126292,0.15045296871445354,0.15045296871445354
mid_ai_existential_risk,0,mid,30,0.0962214700799973,0.0962214700799973,-0.20378774808622072,0.20378774808622072,-0.08946354328539262,0.08946354328539262,-0.2018597482169327,0.2018597482169327,0.23902265237265397,0.23902265237265397
mid_ai_existential_risk,1,mid,30,-0.07039295496579814,0.07039295496579814,-0.2646030569780837,0.2646030569780837,0.15427868342223292,0.15427868342223292,-0.1019767842321932,0.1019767842321932,-0.3531810365841383,0.3531810365841383
mid_ai_existential_risk,2,mid,30,0.3656817236255246,0.3656817236255246,-0.3469436431096605,0.3469436431096605,-0.1684985725318766,0.1684985725318766,-0.019833048869069572,0.019833048869069572,-0.23939946366319015,0.23939946366319015
mid_ai_existential_risk,3,mid,30,-0.1825246114990928,0.1825246114990928,0.27198275745120193,0.27198275745120193,-0.2758192264063038,0.2758192264063038,0.011593929544880009,0.011593929544880009,-0.3406978742255383,0.3406978742255383
mid_ai_existential_risk,4,mid,30,-0.10352554361946689,0.10352554361946689,-0.11979983805909303,0.11979983805909303,-0.25773859935820137,0.25773859935820137,-0.2349261973678243,0.2349261973678243,-0.31798339758728583,0.31798339758728583
mid_carbon_tax,0,mid,30,0.028300042831126176,0.028300042831126176,0.10473731565283846,0.10473731565283846,0.33267330533456263,0.33267330533456263,0.23571114246760033,0.23571114246760033,,
mid_carbon_tax,1,mid,30,-0.1021522350283019,0.1021522350283019,0.08532602106786774,0.08532602106786774,-0.05088636510946775,0.05088636510946775,0.018774329145457833,0.018774329145457833,-0.06095862613069264,0.06095862613069264
mid_carbon_tax,2,mid,30,0.0629752405956502,0.0629752405956502,0.062338644270079194,0.062338644270079194,-0.2693226800288644,0.2693226800288644,-0.17020628104621105,0.17020628104621105,-0.19042024307992106,0.19042024307992106
mid_carbon_tax,3,mid,30,-0.02227336828142311,0.02227336828142311,0.057476439147267036,0.057476439147267036,0.3307497220686824,0.3307497220686824,0.09232732605963212,0.09232732605963212,0.2770114107930452,0.2770114107930452
mid_carbon_tax,4,mid,30,-0.2622964619073721,0.2622964619073721,0.3652781000243975,0.3652781000243975,0.17316326090454928,0.17316326090454928,0.13311894992089202,0.13311894992089202,0.25866989362167886,0.25866989362167886
mid_electoral_reform,0,mid,30,-0.2772884923142693,0.2772884923142693,-0.04013298817393839,0.04013298817393839,0.06780979834558487,0.06780979834558487,-0.012621454927900235,0.012621454927900235,0.019201913497201732,0.019201913497201732
mid_electoral_reform,1,mid,30,0.06934971438589532,0.06934971438589532,-0.25714487579349277,0.25714487579349277,0.12801990932052784,0.12801990932052784,0.05688860375510312,0.05688860375510312,0.15958733824207122,0.15958733824207122
mid_electoral_reform,2,mid,30,0.08163562956116038,0.08163562956116038,0.12492412838144898,0.12492412838144898,-0.15032650742439355,0.15032650742439355,-0.10575253679873879,0.10575253679873879,-0.0839004275496953,0.0839004275496953
mid_electoral_reform,3,mid,30,-0.04593393305668717,0.04593393305668717,-0.20110808467366847,0.20110808467366847,0.015147186666692881,0.015147186666692881,0.04651699063378598,0.04651699063378598,-0.03235494521894065,0.03235494521894065
mid_electoral_reform,4,mid,30,-0.09082053605300607,0.09082053605300607,0.2750156731159042,0.2750156731159042,-0.05205572105984243,0.05205572105984243,-0.20319765599004735,0.20319765599004735,-0.10091547771071492,0.10091547771071492
mid_gmo_food,0,mid,30,0.10362179085341332,0.10362179085341332,0.06381692528728782,0.06381692528728782,0.1393477588463094,0.1393477588463094,0.00425660713084256,0.00425660713084256,0.1521593936852067,0.1521593936852067
mid_gmo_food,1,mid,30,-0.020415950680208454,0.020415950680208454,0.008007836018263903,0.008007836018263903,0.07115861136430157,0.07115861136430157,-0.01648061744837107,0.01648061744837107,-0.005025870520224785,0.005025870520224785
mid_gmo_food,2,mid,30,0.19223121395150822,0.19223121395150822,0.14967748815012588,0.14967748815012588,-0.4151522493782405,0.4151522493782405,-0.28408302307925004,0.28408302307925004,-0.4151522493782404,0.4151522493782404
mid_gmo_food,3,mid,30,-0.24479745889468152,0.24479745889468152,-0.0017063578588155312,0.0017063578588155312,0.09691456332333505,0.09691456332333505,-0.22943691852983672,0.22943691852983672,0.035242765793984394,0.035242765793984394
mid_gmo_food,4,mid,30,0.13364481312074872,0.13364481312074872,0.0861727853630104,0.0861727853630104,0.23649597019689095,0.23649597019689095,-0.1128395627126823,0.1128395627126823,0.24539102193335816,0.24539102193335816
mid_immigration_economics,0,mid,30,-0.19999787775397615,0.19999787775397615,0.3717841914524019,0.3717841914524019,-0.035050353016135315,0.035050353016135315,0.2539335905801036,0.2539335905801036,0.03564054229030166,0.03564054229030166
mid_immigration_economics,1,mid,30,0.2625619424981718,0.2625619424981718,-0.0422130653069384,0.0422130653069384,-0.004559612908015168,0.004559612908015168,0.13832634044764908,0.13832634044764908,-0.007964200940371627,0.007964200940371627
mid_immigration_economics,2,mid,30,-0.08222441983902067,0.08222441983902067,-0.2284552409631593,0.2284552409631593,0.0591469879794584,0.0591469879794584,0.1681533347446282,0.1681533347446282,0.05327808709533351,0.05327808709533351
mid_immigration_economics,3,mid,30,0.07068844177615743,0.07068844177615743,0.018729495146306147,0.018729495146306147,-0.19191247523085334,0.19191247523085334,0.23631222338475164,0.23631222338475164,-0.1784821679940353,0.1784821679940353
mid_immigration_economics,4,mid,30,0.09220732966065048,0.09220732966065048,0.09631106335246066,0.09631106335246066,-0.1089670326538485,0.1089670326538485,-0.1676175576097393,0.1676175576097393,,
mid_minimum_wage,0,mid,30,-0.1489172709328715,0.1489172709328715,-0.05009733871487068,0.05009733871487068,-0.06413245718946288,0.06413245718946288,0.003438199790155815,0.003438199790155815,0.2581566166928227,0.2581566166928227
mid_minimum_wage,1,mid,30,-0.4049239017029043,0.4049239017029043,-0.11607541995150175,0.11607541995150175,0.21033225066218844,0.21033225066218844,0.2637124208426729,0.2637124208426729,0.24202159826458403,0.24202159826458403
mid_minimum_wage,2,mid,30,-0.27959096672665523,0.27959096672665523,0.09498407770276644,0.09498407770276644,-0.08574947029093738,0.08574947029093738,0.21060591507327986,0.21060591507327986,-0.17271463644150065,0.17271463644150065
mid_minimum_wage,3,mid,30,-0.17407275199395514,0.17407275199395514,0.23538459103307463,0.23538459103307463,0.07653872296597988,0.07653872296597988,-0.09080376109309901,0.09080376109309901,0.05410930888998398,0.05410930888998398
mid_minimum_wage,4,mid,30,-0.09105723469489636,0.09105723469489636,-0.3374642094092711,0.3374642094092711,-0.09990337584284195,0.09990337584284195,-0.09710422827246676,0.09710422827246676,,
mid_nuclear_power,0,mid,30,0.5703298447247006,0.5703298447247006,0.20043250304504215,0.20043250304504215,-0.09438876205852821,0.09438876205852821,-0.30676471835958496,0.30676471835958496,-0.006533332578817136,0.006533332578817136
mid_nuclear_power,1,mid,30,0.07624461136836608,0.07624461136836608,0.2626202473136793,0.2626202473136793,-0.4618595371764986,0.4618595371764986,0.2536996051675382,0.2536996051675382,-0.3952462496765843,0.3952462496765843
mid_nuclear_power,2,mid,30,0.09971314244972998,0.09971314244972998,0.09994095214521373,0.09994095214521373,0.1406310570917504,0.1406310570917504,0.2601612477973166,0.2601612477973166,0.11042141647957743,0.11042141647957743
mid_nuclear_power,3,mid,30,0.10228242639460018,0.10228242639460018,-0.20403391497118514,0.20403391497118514,0.007996863174317864,0.007996863174317864,0.39085972947429315,0.39085972947429315,0.015614933466759084,0.015614933466759084
mid_nuclear_power,4,mid,30,0.109067424646269,0.109067424646269,0.08800078503055794,0.08800078503055794,0.33543587807237224,0.33543587807237224,0.15445103615780642,0.15445103615780642,0.3075855709337537,0.3075855709337537
mid_psychedelic_therapy,0,mid,30,-0.14464120346042308,0.14464120346042308,-0.03656638245782556,0.03656638245782556,0.0016698809952045437,0.0016698809952045437,-0.20052999775147415,0.20052999775147415,0.0035874769816796413,0.0035874769816796413
mid_psychedelic_therapy,1,mid,30,0.27380258354933606,0.27380258354933606,-0.03385826243943698,0.03385826243943698,-0.05147435621580236,0.05147435621580236,0.16218953639028658,0.16218953639028658,-0.19904894801918843,0.19904894801918843
mid_psychedelic_therapy,2,mid,30,-0.31871309915177415,0.31871309915177415,0.09274806548643477,0.09274806548643477,0.35977470281120394,0.35977470281120394,0.13122478099296675,0.13122478099296675,0.2671665975541946,0.2671665975541946
mid_psychedelic_therapy,3,mid,30,-0.12966200303973538,0.12966200303973538,0.17110264815040283,0.17110264815040283,0.04442241775535988,0.04442241775535988,0.08005662193818305,0.08005662193818305,0.05107693721013307,0.05107693721013307
mid_psychedelic_therapy,4,mid,30,-0.021467138877712743,0.021467138877712743,-0.1761965711004815,0.1761965711004815,0.1483330272479073,0.1483330272479073,-0.25111756116905154,0.25111756116905154,0.026960837153916666,0.026960837153916666
mid_school_choice,0,mid,30,-0.16786015919184943,0.16786015919184943,0.1324124783799139,0.1324124783799139,-0.2610830914358245,0.2610830914358245,-0.2565334024358541,0.2565334024358541,-0.20897054110871427,0.20897054110871427
mid_school_choice,1,mid,30,-0.09059488852112492,0.09059488852112492,0.09479990805577877,0.09479990805577877,-0.05546849366533896,0.05546849366533896,0.07759437993107299,0.07759437993107299,-0.07875970731994351,0.07875970731994351
mid_school_choice,2,mid,30,0.014068728310824447,0.014068728310824447,0.08438034583928358,0.08438034583928358,-0.17972316747999556,0.17972316747999556,-0.032336232465459296,0.032336232465459296,-0.04401885991419261,0.04401885991419261
mid_school_choice,3,mid,30,-0.20000160994998564,0.20000160994998564,-0.22360625905437095,0.22360625905437095,-0.12996038384312364,0.12996038384312364,0.009262080201620605,0.009262080201620605,-0.10953603050748319,0.10953603050748319
mid_school_choice,4,mid,30,-0.003921055232744858,0.003921055232744858,-0.11695381069458985,0.11695381069458985,0.018801928515908495,0.018801928515908495,-0.05279037155611552,0.05279037155611552,0.18853343853580737,0.18853343853580737
mid_universal_basic_income,0,mid,30,-0.11329209074027416,0.11329209074027416,0.29737988879775434,0.29737988879775434,-0.15041997480421349,0.15041997480421349,0.4058432164809528,0.4058432164809528,-0.15041997480421354,0.15041997480421354
mid_universal_basic_income,1,mid,30,-0.4116864311039703,0.4116864311039703,-0.0499908480048169,0.0499908480048169,0.19450629951859294,0.19450629951859294,0.22031739948178466,0.22031739948178466,0.22446123275315485,0.22446123275315485
mid_universal_basic_income,2,mid,30,-0.2437812015241225,0.2437812015241225,0.015379103157277151,0.015379103157277151,0.3426693152883742,0.3426693152883742,0.12941046410852475,0.12941046410852475,0.3646417181596382,0.3646417181596382
mid_universal_basic_income,3,mid,30,0.07880550090758823,0.07880550090758823,-0.02969927617023907,0.02969927617023907,0.11259556519554795,0.11259556519554795,-0.03496712083450315,0.03496712083450315,0.17264847011666357,0.17264847011666357
mid_universal_basic_income,4,mid,30,-0.23919354078836158,0.23919354078836158,-0.20760159400768224,0.20760159400768224,-0.06081150927191082,0.06081150927191082,-0.008586412754757595,0.008586412754757595,-0.0683581893374686,0.0683581893374686
shaped_covid_lab_leak,0,shaped,30,-0.142228990352105,0.142228990352105,0.41782739828156273,0.41782739828156273,0.25845835737151407,0.25845835737151407,0.03943816315412375,0.03943816315412375,0.24200750807608012,0.24200750807608012
shaped_covid_lab_leak,1,shaped,30,0.1139726239355946,0.1139726239355946,0.28257149591929853,0.28257149591929853,0.04541080845713738,0.04541080845713738,-0.1996511286781746,0.1996511286781746,,
shaped_covid_lab_leak,2,shaped,30,0.05493002844630291,0.05493002844630291,0.012678529828548751,0.012678529828548751,-0.0658253561757347,0.0658253561757347,-0.11645140007330808,0.11645140007330808,0.016622229766919624,0.016622229766919624
shaped_covid_lab_leak,3,shaped,30,-0.009952241823955734,0.009952241823955734,-0.023101479022198973,0.023101479022198973,0.09349780150813547,0.09349780150813547,0.43595212586197507,0.43595212586197507,-0.09527881966381849,0.09527881966381849
shaped_covid_lab_leak,4,shaped,30,-0.16059930907952102,0.16059930907952102,-0.06000914816164474,0.06000914816164474,0.17154834991148693,0.17154834991148693,0.23836317815027308,0.23836317815027308,0.23163186978423203,0.23163186978423203
shaped_crime_demographics,0,shaped,30,0.2088491938213897,0.2088491938213897,-0.13422795047620042,0.13422795047620042,0.1967719891642117,0.1967719891642117,-0.1308161009695869,0.1308161009695869,0.21533771418997613,0.21533771418997613
shaped_crime_demographics,1,shaped,30,0.06505500960248632,0.06505500960248632,0.17349636996862555,0.17349636996862555,-0.05271866209541451,0.05271866209541451,0.021105018452176872,0.021105018452176872,-0.03061188303859235,0.03061188303859235
shaped_crime_demographics,2,shaped,30,0.0774761015782957,0.0774761015782957,-0.32638199152094477,0.32638199152094477,-0.17054186311079875,0.17054186311079875,0.17179386468033614,0.17179386468033614,-0.13267020321532277,0.13267020321532277
shaped_crime_demographics,3,shaped,30,0.2339863262394564,0.2339863262394564,-0.034278945417014525,0.034278945417014525,0.1447404060532642,0.1447404060532642,-0.12857648945086222,0.12857648945086222,,
shaped_crime_demographics,4,shaped,30,-0.03978453936518536,0.03978453936518536,-0.28785294747190276,0.28785294747190276,-0.32724472041832225,0.32724472041832225,0.25764416843868937,0.25764416843868937,-0.24844332109079204,0.24844332109079204
shaped_founding_fathers_slavery,0,shaped,30,0.0066982977802554945,0.0066982977802554945,-0.04158507541657391,0.04158507541657391,-0.22588229859851588,0.22588229859851588,-0.07143723668768627,0.07143723668768627,-0.2529035709552752,0.2529035709552752
shaped_founding_fathers_slavery,1,shaped,30,0.09202769997467145,0.09202769997467145,-0.1113875019269106,0.1113875019269106,0.08418455358345443,0.08418455358345443,-0.0009618338086264328,0.0009618338086264328,0.021259528168819698,0.021259528168819698
shaped_founding_fathers_slavery,2,shaped,30,-0.10921397267623728,0.10921397267623728,-0.18737896665490836,0.18737896665490836,0.04199094807717709,0.04199094807717709,0.03853956324704597,0.03853956324704597,0.05802826121360325,0.05802826121360325
shaped_founding_fathers_slavery,3,shaped,30,-0.35981142354621654,0.35981142354621654,0.06273743681515202,0.06273743681515202,-0.19735034589607708,0.19735034589607708,0.25834483620509746,0.25834483620509746,-0.3327199465680707,0.3327199465680707
shaped_founding_fathers_slavery,4,shaped,30,0.1006954818733469,0.1006954818733469,-0.00889532093045416,0.00889532093045416,0.08292473641008294,0.08292473641008294,-0.13820461653840915,0.13820461653840915,0.06175635820943693,0.06175635820943693
shaped_hemings_jefferson,0,shaped,30,-0.09152129517878761,0.09152129517878761,-0.07326974157920657,0.07326974157920657,0.2661321290284288,0.2661321290284288,0.07476786791087557,0.07476786791087557,0.2344760716747921,0.2344760716747921
shaped_hemings_jefferson,1,shaped,30,0.25487371832525,0.25487371832525,-0.2461610224024875,0.2461610224024875,-0.02448364006733423,0.02448364006733423,-0.13412468410481515,0.13412468410481515,-0.0413947504338564,0.0413947504338564
shaped_hemings_jefferson,2,shaped,30,-0.37789249257827456,0.37789249257827456,-0.1556021303285689,0.1556021303285689,0.03297914640129816,0.03297914640129816,0.359052590530481,0.359052590530481,-0.08310210634090538,0.08310210634090538
shaped_hemings_jefferson,3,shaped,30,0.10382645919852404,0.10382645919852404,0.23913347849811262,0.23913347849811262,-0.24709195266459552,0.24709195266459552,0.22178840787881784,0.22178840787881784,-0.28983021876394366,0.28983021876394366
shaped_hemings_jefferson,4,shaped,30,-0.17443088214305605,0.17443088214305605,0.13399059935313046,0.13399059935313046,-0.04126516436104467,0.04126516436104467,0.3277787838711135,0.3277787838711135,-0.046047914198847455,0.046047914198847455
shaped_iq_heritability,0,shaped,30,-0.08094795713198438,0.08094795713198438,0.33426959498753633,0.33426959498753633,0.086758664633337,0.086758664633337,0.38001344121831165,0.38001344121831165,0.10188627924224417,0.10188627924224417
shaped_iq_heritability,1,shaped,30,-0.04562614439032131,0.04562614439032131,0.0772977959454449,0.0772977959454449,0.04721845220758575,0.04721845220758575,0.03876972405891329,0.03876972405891329,0.013548650081023343,0.013548650081023343
shaped_iq_heritability,2,shaped,30,-0.07545905753530696,0.07545905753530696,-0.34449965618648004,0.34449965618648004,0.033807751088942864,0.033807751088942864,0.22658272951141714,0.22658272951141714,0.05012929047233508,0.05012929047233508
shaped_iq_heritability,3,shaped,30,0.18123497434641272,0.18123497434641272,-0.20789955931655416,0.20789955931655416,-0.0025390856590748172,0.0025390856590748172,-0.027947321795105142,0.027947321795105142,0.0633005003639698,0.0633005003639698
shaped_iq_heritability,4,shaped,30,-0.4685810702935957,0.4685810702935957,-0.04327064334831411,0.04327064334831411,-0.17798387184726538,0.17798387184726538,0.45223201167349336,0.45223201167349336,-0.2968479021500559,0.2968479021500559
shaped_ivermectin_covid,0,shaped,30,-0.043756487802552896,0.043756487802552896,0.19614019707056968,0.19614019707056968,0.10550976404811378,0.10550976404811378,0.010147629808095337,0.010147629808095337,0.050269931234513524,0.050269931234513524
shaped_ivermectin_covid,1,shaped,30,-0.08633566200998595,0.08633566200998595,0.1594529692699439,0.1594529692699439,-0.0008340054622617693,0.0008340054622617693,0.004940385502516544,0.004940385502516544,,
shaped_ivermectin_covid,2,shaped,30,0.10520183473799567,0.10520183473799567,-0.05089075951018181,0.05089075951018181,-0.3138201587717906,0.3138201587717906,-0.0076082610001940165,0.0076082610001940165,-0.3644901850092239,0.3644901850092239
shaped_ivermectin_covid,3,shaped,30,0.3245177357694049,0.3245177357694049,-0.1747268890992452,0.1747268890992452,-0.06827900293386545,0.06827900293386545,-0.14375020092928537,0.14375020092928537,-0.12799882162601303,0.12799882162601303
shaped_ivermectin_covid,4,shaped,30,0.13136522971505227,0.13136522971505227,-0.14890066369296875,0.14890066369296875,0.37027427534696583,0.37027427534696583,-0.26527371878105954,0.26527371878105954,0.3209490985810008,0.3209490985810008
shaped_kissinger_legacy,0,shaped,30,0.195486906664145,0.195486906664145,-0.0962243908583704,0.0962243908583704,-0.1389076161472007,0.1389076161472007,0.04538513362215351,0.04538513362215351,-0.1217431917923797,0.1217431917923797
shaped_kissinger_legacy,1,shaped,30,-0.06238559090370442,0.06238559090370442,-0.006427139895894357,0.006427139895894357,0.003890905439664404,0.003890905439664404,-0.01392606958345783,0.01392606958345783,-0.12143674295691798,0.12143674295691798
shaped_kissinger_legacy,2,shaped,30,-0.04319644683226578,0.04319644683226578,-0.25283980023212327,0.25283980023212327,-0.20487031779809375,0.20487031779809375,-0.038360722313808514,0.038360722313808514,-0.1825416274406187,0.1825416274406187
shaped_kissinger_legacy,3,shaped,30,-0.27271813100278797,0.27271813100278797,0.11605004452205707,0.11605004452205707,-0.11324135510154731,0.11324135510154731,0.2929400861938855,0.2929400861938855,-0.09629413295193615,0.09629413295193615
shaped_kissinger_legacy,4,shaped,30,-0.07955073070904677,0.07955073070904677,0.19940503135943266,0.19940503135943266,-0.013684165938083291,0.013684165938083291,-0.18924367623452162,0.18924367623452162,0.058617769583014505,0.058617769583014505
shaped_sex_differences_cognition,0,shaped,30,-0.33465104712000154,0.33465104712000154,0.14340317544687245,0.14340317544687245,0.08215563969309195,0.08215563969309195,0.30870454309020673,0.30870454309020673,0.1489853992480238,0.1489853992480238
shaped_sex_differences_cognition,1,shaped,30,-0.08561838929258693,0.08561838929258693,0.11051108004333916,0.11051108004333916,-0.17440234932761434,0.17440234932761434,0.09194981116254965,0.09194981116254965,-0.3040152075335455,0.3040152075335455
shaped_sex_differences_cognition,2,shaped,30,0.023451285599326147,0.023451285599326147,0.2798377544960362,0.2798377544960362,0.1611617835875513,0.1611617835875513,0.21463542853020193,0.21463542853020193,-0.22857619040200394,0.22857619040200394
shaped_sex_differences_cognition,3,shaped,30,-0.08640000204983153,0.08640000204983153,0.2578775580174432,0.2578775580174432,0.12552835800971698,0.12552835800971698,0.03504777503123126,0.03504777503123126,0.21936112930948232,0.21936112930948232
shaped_sex_differences_cognition,4,shaped,30,0.3238452960814196,0.3238452960814196,-0.25505094718609855,0.25505094718609855,-0.19267612489273483,0.19267612489273483,0.08115014293690323,0.08115014293690323,-0.17306630224195066,0.17306630224195066
shaped_trans_youth_medical,0,shaped,30,-0.16813091021767093,0.16813091021767093,0.061984207092305586,0.061984207092305586,0.21333716869569072,0.21333716869569072,-0.07502922649394887,0.07502922649394887,0.07036645480127297,0.07036645480127297
shaped_trans_youth_medical,1,shaped,30,-0.1837261248726186,0.1837261248726186,0.2618881188260367,0.2618881188260367,0.03883351592801526,0.03883351592801526,0.4386244336734823,0.4386244336734823,-0.0479056122393118,0.0479056122393118
shaped_trans_youth_medical,2,shaped,30,-0.44910549945627704,0.44910549945627704,0.17729918173681083,0.17729918173681083,0.08442612752950361,0.08442612752950361,0.5021463005622712,0.5021463005622712,-0.05495999129686441,0.05495999129686441
shaped_trans_youth_medical,3,shaped,30,-0.2829840472673881,0.2829840472673881,0.34119038365067966,0.34119038365067966,0.2640588376378882,0.2640588376378882,0.283768026893426,0.283768026893426,0.08368880378470711,0.08368880378470711
shaped_trans_youth_medical,4,shaped,30,-0.20554473050766886,0.20554473050766886,-0.15891953749578852,0.15891953749578852,0.259206614004766,0.259206614004766,0.03893078312947723,0.03893078312947723,0.21373528598721694,0.21373528598721694
shaped_wehrmacht_conduct,0,shaped,30,0.06810879278477705,0.06810879278477705,0.001460523179118229,0.001460523179118229,0.09283162041139022,0.09283162041139022,0.08790960346136827,0.08790960346136827,0.1746318993406509,0.1746318993406509
shaped_wehrmacht_conduct,1,shaped,30,-0.08655349326007461,0.08655349326007461,0.13076614070873613,0.13076614070873613,0.2597876207993943,0.2597876207993943,0.10260256705067966,0.10260256705067966,0.1970230072694263,0.1970230072694263
shaped_wehrmacht_conduct,2,shaped,30,0.04696649572665658,0.04696649572665658,-0.1839784272710033,0.1839784272710033,0.05014923794600253,0.05014923794600253,-0.07224270912813258,0.07224270912813258,0.012983811011526887,0.012983811011526887
shaped_wehrmacht_conduct,3,shaped,30,-0.09030649053262321,0.09030649053262321,-0.1829846088487854,0.1829846088487854,-0.18715524309555215,0.18715524309555215,0.09720142789055353,0.09720142789055353,-0.2558625187976961,0.2558625187976961
shaped_wehrmacht_conduct,4,shaped,30,-0.3232342874850809,0.3232342874850809,0.08480266344927637,0.08480266344927637,0.07295959972859883,0.07295959972859883,-0.11070541869858433,0.11070541869858433,0.022158285740027768,0.022158285740027768
