cancel_rate,drift,mean_depth,mean_depth_excess,d2_excess,timing_cv,isolated_frac,growth_rate,Q_tail_1,Q_tail_2,Q_tail_3,Q_tail_4,Q_tail_5,Q_tail_6,r_plus,r_squared,process,seed
0.387451171875,0.5558369195065133,5.938232421875,-2.4252155178935246,-2.6355914221815233,0.9114080485756667,0.0,0.22509765625,1.0,0.9948567229977957,0.9926524614254225,0.9919177075679647,0.9902032819005633,0.9875091844232182,0.9982718727578432,0.9681523973127751,IID_Gaussian,0
0.39306640625,1.2897203379135023,5.9951171875,1.0624725185784523,0.9853293493418045,0.9225755922814416,0.0006211180124223603,0.2138671875,1.0,0.999755859375,0.99951171875,0.9990234375,0.99853515625,0.998291015625,0.9996090695302925,0.9846153626775429,IID_Gaussian,1
0.387939453125,0.6196528689332079,5.984130859375,0.38888470037571,0.6561547337487748,0.8967199234255887,0.0,0.22412109375,1.0,0.9992673992673993,0.9987789987789988,0.998046398046398,0.9958485958485959,0.9936507936507937,0.9985798637450034,0.9168122106294148,IID_Gaussian,2
0.386474609375,0.4282050206531238,5.960205078125,-1.0780398814880399,-1.3188929598094041,0.9105083598908025,0.0,0.22705078125,1.0,0.9968191827746513,0.9955957915341326,0.9948617567898214,0.9936383655493026,0.992414974308784,0.9989181732622407,0.9937916475490375,IID_Gaussian,3
0.399169921875,2.087419705747186,5.966552734375,-0.6888558087486777,0.9853293493418045,0.8796909164761542,0.0,0.20166015625,1.0,0.999755859375,0.9990234375,0.99609375,0.989013671875,0.982666015625,0.9955545407619999,0.9129879049537157,IID_Gaussian,4
0.387451171875,0.5558369195065133,5.995361328125,1.0774411367607355,0.9853293493418045,0.9174113867587289,0.000630119722747322,0.22509765625,1.0,0.999755859375,0.99951171875,0.999267578125,0.998779296875,0.998046875,0.999584608589002,0.9381979454607049,IID_Gaussian,5
0.399658203125,2.151235655173881,5.973876953125,-0.2397972632801828,0.21725524629140167,0.8825007864718194,0.0,0.20068359375,1.0,0.9987784021500122,0.9980454434400196,0.9970681651600293,0.9941363303200587,0.9902272172000978,0.997890082032535,0.8961173807110954,IID_Gaussian,6
0.3798828125,-0.43331029660725473,5.996337890625,1.1373156094898682,0.9853293493418045,0.9245278147981785,0.0,0.240234375,1.0,0.999755859375,0.99951171875,0.999267578125,0.9990234375,0.998779296875,0.9997557102570737,0.9999999791077788,IID_Gaussian,7
0.388671875,0.71537679307325,5.9833984375,0.3439788458288605,0.32698011815574496,0.9172646291845695,0.0,0.22265625,1.0,0.9987787005373717,0.9980459208597948,0.9975574010747436,0.9965803615046409,0.9953590620420127,0.9991674570205076,0.9729121736480385,IID_Gaussian,8
0.386474609375,0.4282050206531238,5.948974609375,-1.7665963178730653,-2.7453162940458666,0.9169129861859068,0.0018951358180669614,0.22705078125,1.0,0.995343137254902,0.9946078431372549,0.9943627450980392,0.9941176470588236,0.9938725490196079,0.999655049770185,0.9246449424092712,IID_Gaussian,9
0.38232421875,-0.11423054947378121,5.981689453125,0.2391985185528784,-0.0021944974372848695,0.9218302675545308,0.0,0.2353515625,1.0,0.9982897630100172,0.9973124847300269,0.9970681651600293,0.9968238455900318,0.9965795260200342,0.9996081419872539,0.8768722651490644,IID_Gaussian,10
0.376953125,-0.816205993167423,5.976318359375,-0.09011108145735117,-0.11191936930162813,0.9238014425023643,0.0006476683937823834,0.24609375,1.0,0.9982893450635386,0.9973118279569892,0.9965786901270772,0.9956011730205279,0.9943792766373412,0.9990438916427563,0.9927382272657627,IID_Gaussian,11
0.379638671875,-0.4652182713206021,5.965576171875,-0.7487302814778103,-0.879993472352031,0.9289984373871313,0.0,0.24072265625,1.0,0.9973098557104426,0.9963316214233309,0.9953533871362191,0.9938860357055515,0.9929078014184397,0.9988701383143435,0.9943128096484875,IID_Gaussian,12
0.3662109375,-2.2201568805547067,5.977294921875,-0.030236608728218522,-0.3313691130303147,1.0005056345285959,0.0,0.267578125,1.0,0.9982885085574572,0.9980440097799511,0.997799511002445,0.9968215158924205,0.9951100244498777,0.9992399223738119,0.8486897934069636,IID_Gaussian,13
0.400146484375,2.2150516046005757,5.955322265625,-1.3774122451337032,-1.0994432160807175,0.8931953910276805,0.0,0.19970703125,1.0,0.9968207385668868,0.9951088285644412,0.9938860357055515,0.9911958914159942,0.9885057471264368,0.997932848094319,0.9758790098974239,IID_Gaussian,14
0.390625,0.9706405907800288,5.99072265625,0.7930373912973554,0.9853293493418045,0.8999066646554046,0.0,0.21875,1.0,0.999755859375,0.99951171875,0.998779296875,0.9970703125,0.99560546875,0.99892401156691,0.9252437530997052,IID_Gaussian,15
0.384521484375,0.17294122294634498,5.992431640625,0.8978177185733375,0.9853293493418045,0.9515181261856868,0.0006349206349206349,0.23095703125,1.0,0.999755859375,0.99951171875,0.999267578125,0.997802734375,0.99609375,0.9990953354124852,0.861870850150629,IID_Gaussian,16
0.37744140625,-0.7523900437407283,5.967041015625,-0.6589185723841113,-1.0994432160807175,0.9115522229223679,0.0,0.2451171875,1.0,0.9973085392708588,0.9968191827746513,0.9963298262784438,0.9953511132860289,0.9943724002936138,0.9992632065869772,0.969699275409603,IID_Gaussian,17
0.393798828125,1.3854442620535445,5.98095703125,0.1942926640060289,0.6561547337487748,0.9329741450735307,0.0012399256044637321,0.21240234375,1.0,0.9992673992673993,0.9985347985347985,0.9968253968253968,0.9946275946275946,0.9931623931623932,0.9983836022757719,0.9783167746896455,IID_Gaussian,18
0.369873046875,-1.7415372598544963,5.98046875,0.16435542764146258,0.32698011815574496,0.95630160199475,0.0006600660066006601,0.26025390625,1.0,0.9987787005373717,0.9978016609672692,0.9965803615046409,0.9953590620420127,0.9948705422569614,0.9989713087608086,0.9844298959830317,IID_Gaussian,19
0.380859375,-0.30567839775386535,5.996337890625,1.1373156094898682,0.9853293493418045,0.9157900127922701,0.0,0.23828125,1.0,0.999755859375,0.99951171875,0.999267578125,0.9990234375,0.998779296875,0.9997557102570737,0.9999999791077788,IID_Gaussian,20
0.3681640625,-1.9648930828479279,5.980712890625,0.17932404582374575,-0.2216442411659714,0.9089072410950693,0.001326259946949602,0.263671875,1.0,0.9982889269127353,0.9978000488878025,0.9975556098753361,0.9973111708628697,0.9970667318504033,0.9997060276277902,0.9730319955035883,IID_Gaussian,21
0.384521484375,0.17294122294634498,5.985107421875,0.44875917310484265,0.21725524629140167,0.9036615281177052,0.0,0.23095703125,1.0,0.9987784021500122,0.9982897630100172,0.9980454434400196,0.9975568043000245,0.9968238455900318,0.9995348868957852,0.970346500186267,IID_Gaussian,22
0.3876953125,0.5877448942198605,5.95556640625,-1.36244362695142,-1.0994432160807175,0.9214445129539018,0.0,0.224609375,1.0,0.9968207385668868,0.9953533871362191,0.9943751528491074,0.991440449987772,0.987772071411103,0.9977847663613337,0.9369383043532424,IID_Gaussian,23
0.389892578125,0.8749166666399868,5.978759765625,0.05957510036548045,0.6561547337487748,0.8668866212528596,0.0,0.22021484375,1.0,0.9992673992673993,0.9985347985347985,0.9970695970695971,0.9938949938949939,0.9914529914529915,0.9979661519895646,0.9475378293549356,IID_Gaussian,24
0.3974609375,1.8640638827537548,5.984619140625,0.41882193674027635,0.21725524629140167,0.8979508369913555,0.0006142506142506142,0.205078125,1.0,0.9987784021500122,0.9982897630100172,0.997801123870022,0.9973124847300269,0.9968238455900318,0.9995104037935122,0.9999999160623502,IID_Gaussian,25
0.37109375,-1.5819973862877594,5.994873046875,1.0475039003961693,0.9853293493418045,0.9284682608973952,0.0,0.2578125,1.0,0.999755859375,0.99951171875,0.999267578125,0.99853515625,0.997802734375,0.9995112652067595,0.9344730796953837,IID_Gaussian,26
0.375732421875,-0.9757458667341598,5.96435546875,-0.8235733723892261,-0.6605437286233444,0.9504428786831229,0.0,0.24853515625,1.0,0.9977989728539985,0.9973098557104426,0.9960870628515529,0.9931523599902177,0.9902176571288823,0.9980587340807832,0.919018275316381,IID_Gaussian,27
0.391357421875,1.066364514920071,5.989013671875,0.6882570640213732,0.5464298618844314,0.9010070381534095,0.0,0.21728515625,1.0,0.9992672203224231,0.9990229604298974,0.9987787005373717,0.9980459208597948,0.9968246213971665,0.9994128485702567,0.8832449784250114,IID_Gaussian,28
0.382080078125,-0.14613852418712855,5.966064453125,-0.7187930451132439,-1.2091680879450608,0.9176023316016723,0.0,0.23583984375,1.0,0.9968199608610567,0.9955968688845401,0.9953522504892368,0.9951076320939335,0.9948630136986302,0.9995579216650688,0.8352442161919931,IID_Gaussian,29
0.380859375,-0.30567839775386535,5.991455078125,0.8379432458442049,0.6561547337487748,0.9390231254928763,0.000641025641025641,0.23828125,1.0,0.9992673992673993,0.9987789987789988,0.9985347985347985,0.9982905982905983,0.998046398046398,0.9997066026326495,0.9730318801144043,AR1_rho_0.3,0
0.370361328125,-1.6777213104278015,5.9912109375,0.8229746276619218,0.9853293493418045,0.9665760120329011,0.0006591957811470006,0.25927734375,1.0,0.999755859375,0.99951171875,0.9990234375,0.997314453125,0.99560546875,0.9989484683240378,0.8938769126362792,AR1_rho_0.3,1
0.357421875,-3.3688439702352113,5.945556640625,-1.9761569724250296,-2.52586655031718,1.03717608516732,0.0006830601092896175,0.28515625,1.0,0.9948579823702253,0.9926542605288933,0.992409402546523,0.9919196865817825,0.9911851126346719,0.9991865656322442,0.8591652951684693,AR1_rho_0.3,2
0.362060546875,-2.7625924506816117,5.978271484375,0.029637864000914126,-0.2216442411659714,1.004622022930479,0.0006743088334457181,0.27587890625,1.0,0.9982889269127353,0.9978000488878025,0.9970667318504033,0.9963334148130042,0.9960889758005378,0.9994118474049499,0.979612610690947,AR1_rho_0.3,3
0.377197265625,-0.7842980184540757,5.984130859375,0.38888470037571,0.9853293493418045,1.0432624720087345,0.0,0.24560546875,1.0,0.999755859375,0.999267578125,0.998291015625,0.9951171875,0.99169921875,0.9979676090647227,0.8942126368157449,AR1_rho_0.3,4
0.356201171875,-3.528383843801948,5.995361328125,1.0774411367607355,0.9853293493418045,0.995640703739608,0.0013708019191226869,0.28759765625,1.0,0.999755859375,0.99951171875,0.999267578125,0.998779296875,0.998046875,0.999584608589002,0.9381979454607049,AR1_rho_0.3,5
0.360107421875,-3.0178562483883904,5.963623046875,-0.8684792269360756,-0.6605437286233444,0.9932078546518025,0.0006779661016949153,0.27978515625,1.0,0.9973111708628697,0.9958445367880714,0.9951112197506722,0.9926668296260083,0.9899780004888781,0.9982059828065488,0.9532723317775544,AR1_rho_0.3,6
0.36328125,-2.603052577114875,5.996337890625,1.1373156094898682,0.9853293493418045,1.0122999647862903,0.0,0.2734375,1.0,0.999755859375,0.99951171875,0.999267578125,0.9990234375,0.998779296875,0.9997557102570737,0.9999999791077788,AR1_rho_0.3,7
0.3662109375,-2.2201568805547067,5.985107421875,0.44875917310484265,0.21725524629140167,0.9926081911245203,0.0006666666666666666,0.267578125,1.0,0.9987784021500122,0.9982897630100172,0.9980454434400196,0.9975568043000245,0.9968238455900318,0.9995348868957852,0.970346500186267,AR1_rho_0.3,8
0.362548828125,-2.6987765012549167,5.948974609375,-1.7665963178730653,-2.7453162940458666,1.0560651449902205,0.0013468013468013469,0.27490234375,1.0,0.995343137254902,0.9946078431372549,0.9943627450980392,0.9941176470588236,0.9938725490196079,0.999655049770185,0.9246449424092712,AR1_rho_0.3,9
0.34912109375,-4.453715110489021,5.981689453125,0.2391985185528784,-0.0021944974372848695,1.0091090640842222,0.0013986013986013986,0.3017578125,1.0,0.9982897630100172,0.9973124847300269,0.9970681651600293,0.9968238455900318,0.9965795260200342,0.9996081419872539,0.8768722651490644,AR1_rho_0.3,10
0.369873046875,-1.7415372598544963,5.981201171875,0.20926128218831208,-0.11191936930162813,0.9713734555881058,0.0,0.26025390625,1.0,0.9982893450635386,0.9975562072336266,0.9973118279569892,0.9970674486803519,0.9968230694037146,0.999657077618858,0.9246442568420292,AR1_rho_0.3,11
0.3642578125,-2.4754206782614854,5.990478515625,0.7780687731150723,0.9853293493418045,0.98559276907993,0.0006702412868632708,0.271484375,1.0,0.999755859375,0.99951171875,0.998779296875,0.9970703125,0.995361328125,0.9988750158823714,0.9165843713753915,AR1_rho_0.3,12
0.359130859375,-3.14548814724178,5.97998046875,0.13441819127689625,0.1075303744270584,1.0413849937601123,0.0,0.28173828125,1.0,0.9987781036168133,0.998533724340176,0.9980449657869013,0.9963343108504399,0.9941348973607038,0.9988482112833951,0.8721323304862421,AR1_rho_0.3,13
0.373291015625,-1.2948256138676333,5.965087890625,-0.7786675178423766,-0.879993472352031,0.9721717516912561,0.0006540222367560497,0.25341796875,1.0,0.9973098557104426,0.9963316214233309,0.995842504279775,0.9938860357055515,0.991929567131328,0.9986732390011267,0.9440198933105666,AR1_rho_0.3,14
0.37158203125,-1.5181814368610649,5.989990234375,0.7481315367505059,0.9853293493418045,0.9769253376491251,0.0,0.2568359375,1.0,0.999755859375,0.99951171875,0.99853515625,0.996826171875,0.995361328125,0.9988505549348913,0.9406263715746764,AR1_rho_0.3,15
0.361328125,-2.8583163748216536,5.985107421875,0.44875917310484265,0.32698011815574496,0.9542887150314562,0.0013513513513513514,0.27734375,1.0,0.9987787005373717,0.9980459208597948,0.9978016609672692,0.9970688812896922,0.9963361016121153,0.9994125132277776,0.97954762374014,AR1_rho_0.3,16
0.373291015625,-1.2948256138676333,5.968994140625,-0.539169626925846,-0.9897183442163743,0.9863951291347015,0.0,0.25341796875,1.0,0.9973091976516634,0.9965753424657534,0.9963307240704501,0.9955968688845401,0.9948630136986302,0.9994107824394678,0.9795474929827196,AR1_rho_0.3,17
0.353759765625,-3.847463590935422,5.984619140625,0.41882193674027635,0.6561547337487748,0.9843453953378611,0.0,0.29248046875,1.0,0.9992673992673993,0.9985347985347985,0.9973137973137973,0.9958485958485959,0.9951159951159951,0.9988986097735996,0.9868178896742871,AR1_rho_0.3,18
0.359130859375,-3.14548814724178,5.992431640625,0.8978177185733375,0.9853293493418045,1.0089431289924444,0.0,0.28173828125,1.0,0.999755859375,0.99951171875,0.9990234375,0.997802734375,0.996337890625,0.9991443058732348,0.9085431863187353,AR1_rho_0.3,19
0.378173828125,-0.6566661196006862,5.993896484375,0.9876294276670365,0.9853293493418045,0.9591750335379544,0.0,0.24365234375,1.0,0.999755859375,0.99951171875,0.999267578125,0.998291015625,0.9970703125,0.9993400498767583,0.8888474042887555,AR1_rho_0.3,20
0.344970703125,-4.996150680615926,5.981689453125,0.2391985185528784,-0.0021944974372848695,1.0231644752790994,0.0014154281670205238,0.31005859375,1.0,0.9982897630100172,0.9973124847300269,0.9970681651600293,0.9968238455900318,0.9965795260200342,0.9996081419872539,0.8768722651490644,AR1_rho_0.3,21
0.356201171875,-3.528383843801948,5.990966796875,0.8080060094796385,0.5464298618844314,1.0379236027259162,0.0006854009595613434,0.28759765625,1.0,0.9992672203224231,0.9990229604298974,0.9987787005373717,0.9985344406448461,0.9982901807523205,0.9997554713136589,0.9999999790668839,AR1_rho_0.3,22
0.360107421875,-3.0178562483883904,5.991455078125,0.8379432458442049,0.6561547337487748,0.9867179402400071,0.0006779661016949153,0.27978515625,1.0,0.9992673992673993,0.9987789987789988,0.9985347985347985,0.9982905982905983,0.998046398046398,0.9997066026326495,0.9730318801144043,AR1_rho_0.3,23
0.3564453125,-3.496475869088601,5.9931640625,0.9427235731201871,0.9853293493418045,0.9672332634197973,0.0006849315068493151,0.287109375,1.0,0.999755859375,0.99951171875,0.9990234375,0.998046875,0.996826171875,0.9992666645946504,0.9257474770907942,AR1_rho_0.3,24
0.371826171875,-1.4862734621477174,5.990234375,0.763100154932789,0.6561547337487748,0.9586398178234461,0.0013131976362442547,0.25634765625,1.0,0.9992673992673993,0.9987789987789988,0.9982905982905983,0.9978021978021978,0.9975579975579976,0.9995598255837854,0.9878408421897112,AR1_rho_0.3,25
0.36865234375,-1.901077133421233,5.995361328125,1.0774411367607355,0.9853293493418045,1.0124975119456516,0.0013245033112582781,0.2626953125,1.0,0.999755859375,0.99951171875,0.999267578125,0.998779296875,0.998046875,0.999584608589002,0.9381979454607049,AR1_rho_0.3,26
0.360595703125,-2.954040298961696,5.964599609375,-0.808604754206943,-0.2216442411659714,1.0579542145886112,0.0013540961408259986,0.27880859375,1.0,0.9982889269127353,0.9978000488878025,0.9958445367880714,0.9914446345636764,0.9885113664140797,0.9973958969356368,0.9297918315980834,AR1_rho_0.3,27
0.37158203125,-1.5181814368610649,5.989013671875,0.6882570640213732,0.5464298618844314,1.0320979708403761,0.000657030223390276,0.2568359375,1.0,0.9992672203224231,0.9990229604298974,0.9987787005373717,0.9980459208597948,0.9968246213971665,0.9994128485702567,0.8832449784250114,AR1_rho_0.3,28
0.366455078125,-2.188248905841359,5.969970703125,-0.47929515419671337,-0.7702686004876877,0.9980389863894162,0.0006662225183211193,0.26708984375,1.0,0.9973105134474327,0.9960880195599022,0.9958435207823961,0.9951100244498777,0.9943765281173594,0.9993127577421338,0.9656045506854203,AR1_rho_0.3,29
0.366455078125,-2.188248905841359,5.969970703125,-0.47929515419671337,0.32698011815574496,1.0078545329547721,0.0,0.26708984375,1.0,0.9987787005373717,0.9973131411822179,0.9953590620420127,0.9924279433317049,0.9890083048363458,0.9975458758987953,0.971565206088946,AR1_rho_0.5,0
0.349365234375,-4.421807135775674,5.9912109375,0.8229746276619218,0.9853293493418045,1.0277737719884041,0.0006988120195667365,0.30126953125,1.0,0.999755859375,0.99951171875,0.9990234375,0.997314453125,0.99560546875,0.9989484683240378,0.8938769126362792,AR1_rho_0.5,1
0.3603515625,-2.985948273675043,5.970703125,-0.4343892996498639,-0.6605437286233444,1.0602849218760602,0.0,0.279296875,1.0,0.9973111708628697,0.9958445367880714,0.9953556587631386,0.9948667807382058,0.9946223417257394,0.9993620278764954,0.8897104831866413,AR1_rho_0.5,2
0.352294921875,-4.038911439215505,5.977783203125,-0.0002993723636521979,-0.2216442411659714,1.0598662754897457,0.001386001386001386,0.29541015625,1.0,0.9982889269127353,0.9978000488878025,0.9973111708628697,0.9963334148130042,0.9953556587631386,0.9992646513878504,0.9696995273752333,AR1_rho_0.5,3
0.368408203125,-1.9329851081345804,5.960693359375,-1.0481026451234736,-0.7702686004876877,1.035014493494236,0.0,0.26318359375,1.0,0.9973105134474327,0.9955990220048899,0.9943765281173594,0.9921760391198045,0.9899755501222494,0.9981808681881252,0.9882508507097484,AR1_rho_0.5,4
0.35791015625,-3.3050280208085168,5.995361328125,1.0774411367607355,0.9853293493418045,1.0128488247589502,0.0006821282401091405,0.2841796875,1.0,0.999755859375,0.99951171875,0.999267578125,0.998779296875,0.998046875,0.999584608589002,0.9381979454607049,AR1_rho_0.5,5
0.36083984375,-2.9221323242483486,5.970947265625,-0.4194206814675807,-0.6605437286233444,1.0086242410644075,0.0013531799729364006,0.2783203125,1.0,0.9973111708628697,0.9958445367880714,0.995600097775605,0.9951112197506722,0.9943779027132731,0.9993374527071232,0.9253107142063927,AR1_rho_0.5,6
0.35595703125,-3.5602918185152954,5.996337890625,1.1373156094898682,0.9853293493418045,1.0406184328009878,0.00205761316872428,0.2880859375,1.0,0.999755859375,0.99951171875,0.999267578125,0.9990234375,0.998779296875,0.9997557102570737,0.9999999791077788,AR1_rho_0.5,7
0.35888671875,-3.177396121955127,5.985107421875,0.44875917310484265,0.21725524629140167,1.035506389770651,0.0,0.2822265625,1.0,0.9987784021500122,0.9982897630100172,0.9980454434400196,0.9975568043000245,0.9968238455900318,0.9995348868957852,0.970346500186267,AR1_rho_0.5,8
0.358154296875,-3.273120046095169,5.943115234375,-2.1258431542478613,-3.074490909638896,1.0214072691385845,0.0013633265167007499,0.28369140625,1.0,0.9948516793331699,0.9938710468252022,0.9936258886982103,0.9931355724442266,0.9924000980632508,0.9994326707275277,0.9653767046108134,AR1_rho_0.5,9
0.360595703125,-2.954040298961696,5.981201171875,0.20926128218831208,-0.11191936930162813,1.0028821999148223,0.0,0.27880859375,1.0,0.9982893450635386,0.9975562072336266,0.9973118279569892,0.9970674486803519,0.9968230694037146,0.999657077618858,0.9246442568420292,AR1_rho_0.5,10
0.35205078125,-4.070819413928853,5.992431640625,0.8978177185733375,0.9853293493418045,1.0733748866971542,0.0006934812760055479,0.2958984375,1.0,0.999755859375,0.999267578125,0.99853515625,0.997802734375,0.9970703125,0.9993155716346849,0.9948827089660144,AR1_rho_0.5,11
0.356689453125,-3.4645678943752536,5.9677734375,-0.6140127178372619,-0.6605437286233444,1.0310729035440271,0.0027378507871321013,0.28662109375,1.0,0.9973111708628697,0.9958445367880714,0.9951112197506722,0.9938890246883403,0.9929112686384747,0.9989197186130891,0.9918669008111477,AR1_rho_0.5,12
0.352783203125,-3.975095489788811,5.969970703125,-0.47929515419671337,-0.5508188567590012,1.0689835428804424,0.0,0.29443359375,1.0,0.997799511002445,0.9968215158924205,0.9960880195599022,0.9948655256723716,0.9931540342298288,0.9988709037745109,0.9740047401888124,AR1_rho_0.5,13
0.373046875,-1.3267335885809806,5.964111328125,-0.8385419905715092,-0.7702686004876877,0.9843197438686887,0.0006544502617801048,0.25390625,1.0,0.9973105134474327,0.9960880195599022,0.9955990220048899,0.9931540342298288,0.9907090464547678,0.9983780764874637,0.9368263444687922,AR1_rho_0.5,14
0.35986328125,-3.0497642231017377,5.976318359375,-0.09011108145735117,-0.44109398489465795,0.987021429526171,0.0006784260515603799,0.2802734375,1.0,0.9978000488878025,0.9968222928379369,0.9965778538254706,0.9963334148130042,0.9960889758005378,0.9996077577289776,0.8768724219853862,AR1_rho_0.5,15
0.357421875,-3.3688439702352113,5.968505859375,-0.5691068632904124,-0.3313691130303147,0.9935806325994053,0.0020491803278688526,0.28515625,1.0,0.9978005865102639,0.9963343108504399,0.9948680351906158,0.9931573802541545,0.9921798631476051,0.9985518704521221,0.994622698976208,AR1_rho_0.5,16
0.353759765625,-3.847463590935422,5.978515625,0.04460648218319729,-0.2216442411659714,1.0205386418570106,0.0006901311249137336,0.29248046875,1.0,0.9982889269127353,0.9978000488878025,0.9973111708628697,0.9965778538254706,0.9958445367880714,0.9993873072183097,0.9888539654091771,AR1_rho_0.5,17
0.3564453125,-3.496475869088601,5.976318359375,-0.09011108145735117,-0.44109398489465795,1.0010445928450702,0.002054794520547945,0.287109375,1.0,0.9978000488878025,0.9968222928379369,0.9965778538254706,0.9963334148130042,0.9960889758005378,0.9996077577289776,0.8768724219853862,AR1_rho_0.5,18
0.36572265625,-2.2839728299814013,5.981201171875,0.20926128218831208,0.9853293493418045,1.0273312613307402,0.0006675567423230974,0.2685546875,1.0,0.999755859375,0.99951171875,0.998291015625,0.994140625,0.989501953125,0.9974026841459046,0.868284937289816,AR1_rho_0.5,19
0.358154296875,-3.273120046095169,5.994384765625,1.0175666640316028,0.9853293493418045,1.0068210161048128,0.0,0.28369140625,1.0,0.999755859375,0.99951171875,0.999267578125,0.99853515625,0.997314453125,0.9994134225867836,0.8832451648729354,AR1_rho_0.5,20
0.34765625,-4.645162958769106,5.981689453125,0.2391985185528784,-0.0021944974372848695,1.057044941947446,0.0007022471910112359,0.3046875,1.0,0.9982897630100172,0.9973124847300269,0.9970681651600293,0.9968238455900318,0.9965795260200342,0.9996081419872539,0.8768722651490644,AR1_rho_0.5,21
0.357666015625,-3.336935995521864,5.996337890625,1.1373156094898682,0.9853293493418045,1.0635358093325238,0.0006825938566552901,0.28466796875,1.0,0.999755859375,0.99951171875,0.999267578125,0.9990234375,0.998779296875,0.9997557102570737,0.9999999791077788,AR1_rho_0.5,22
0.34228515625,-5.347138402462747,5.991455078125,0.8379432458442049,0.6561547337487748,1.0133634767221205,0.0021398002853067048,0.3154296875,1.0,0.9992673992673993,0.9987789987789988,0.9985347985347985,0.9982905982905983,0.998046398046398,0.9997066026326495,0.9730318801144043,AR1_rho_0.5,23
0.35791015625,-3.3050280208085168,5.9931640625,0.9427235731201871,0.9853293493418045,0.9892137722614179,0.0006821282401091405,0.2841796875,1.0,0.999755859375,0.99951171875,0.9990234375,0.998046875,0.996826171875,0.9992666645946504,0.9257474770907942,AR1_rho_0.5,24
0.37451171875,-1.1352857403008965,5.98388671875,0.37391608219342687,0.6561547337487748,1.0193482700205485,0.000651890482398957,0.2509765625,1.0,0.9992673992673993,0.9985347985347985,0.9970695970695971,0.9956043956043956,0.9948717948717949,0.9988250829446585,0.9846151863028958,AR1_rho_0.5,25
0.358642578125,-3.2093040966684745,5.994384765625,1.0175666640316028,0.9853293493418045,1.0002552915859864,0.0006807351940095302,0.28271484375,1.0,0.999755859375,0.99951171875,0.999267578125,0.99853515625,0.997314453125,0.9994134225867836,0.8832451648729354,AR1_rho_0.5,26
0.3564453125,-3.496475869088601,5.964599609375,-0.808604754206943,-0.2216442411659714,1.0281644860487282,0.0013698630136986301,0.287109375,1.0,0.9982889269127353,0.9978000488878025,0.9958445367880714,0.9914446345636764,0.9885113664140797,0.9973958969356368,0.9297918315980834,AR1_rho_0.5,27
0.36376953125,-2.53923662768818,5.996337890625,1.1373156094898682,0.9853293493418045,1.0320260577033171,0.0,0.2724609375,1.0,0.999755859375,0.99951171875,0.999267578125,0.9990234375,0.998779296875,0.9997557102570737,0.9999999791077788,AR1_rho_0.5,28
0.357666015625,-3.336935995521864,5.971435546875,-0.3894834451030144,-0.7702686004876877,1.0150278540162971,0.0006825938566552901,0.28466796875,1.0,0.9973105134474327,0.9960880195599022,0.9958435207823961,0.9955990220048899,0.9953545232273838,0.9995583555350852,0.835244027067484,AR1_rho_0.5,29
0.349853515625,-4.357991186348979,5.9765625,-0.075142463275068,0.32698011815574496,1.021372125441002,0.0006978367062107466,0.30029296875,1.0,0.9987787005373717,0.9980459208597948,0.9970688812896922,0.9943820224719101,0.9912066438690766,0.9981119619072881,0.9161948056084158,AR1_rho_0.7,0
0.353515625,-3.879371565648769,5.990966796875,0.8080060094796385,0.9853293493418045,1.0091845107133193,0.0,0.29296875,1.0,0.999755859375,0.99951171875,0.9990234375,0.997314453125,0.995361328125,0.998899471439933,0.8832457617309621,AR1_rho_0.7,1
0.362548828125,-2.6987765012549167,5.966552734375,-0.6888558087486777,-1.0994432160807175,1.0057267513050074,0.0006734006734006734,0.27490234375,1.0,0.9968207385668868,0.9953533871362191,0.9951088285644412,0.9948642699926632,0.9946197114208853,0.9995088708295364,0.8002161646953189,AR1_rho_0.7,2
0.3369140625,-6.049113846156389,5.979736328125,0.1194495730946131,-0.2216442411659714,1.0667356592537307,0.002898550724637681,0.326171875,1.0,0.9982889269127353,0.9978000488878025,0.9975556098753361,0.9970667318504033,0.9963334148130042,0.9995344310172773,0.97034641812185,AR1_rho_0.7,3
0.361083984375,-2.890224349535001,5.976318359375,-0.09011108145735117,-0.44109398489465795,1.0582046060668617,0.0,0.27783203125,1.0,0.9978000488878025,0.9968222928379369,0.9965778538254706,0.9963334148130042,0.9960889758005378,0.9996077577289776,0.8768724219853862,AR1_rho_0.7,4
0.35791015625,-3.3050280208085168,5.995361328125,1.0774411367607355,0.9853293493418045,1.0103369635942663,0.0006821282401091405,0.2841796875,1.0,0.999755859375,0.99951171875,0.999267578125,0.998779296875,0.998046875,0.999584608589002,0.9381979454607049,AR1_rho_0.7,5
0.36474609375,-2.411604728834791,5.930908203125,-2.8742740633620194,-3.6231152689606128,1.0486536196129983,0.0,0.2705078125,1.0,0.9938695438940657,0.9919077979401667,0.9911721432074546,0.9904364884747425,0.9897008337420304,0.9990113985648224,0.9414738412337925,AR1_rho_0.7,6
0.347412109375,-4.677070933482453,5.996337890625,1.1373156094898682,0.9853293493418045,1.0003783232790588,0.0014054813773717498,0.30517578125,1.0,0.999755859375,0.99951171875,0.999267578125,0.9990234375,0.998779296875,0.9997557102570737,0.9999999791077788,AR1_rho_0.7,7
0.354248046875,-3.783647641508727,5.995361328125,1.0774411367607355,0.9853293493418045,1.060074074802027,0.0006891798759476223,0.29150390625,1.0,0.999755859375,0.99951171875,0.999267578125,0.998779296875,0.998046875,0.999584608589002,0.9381979454607049,AR1_rho_0.7,8
0.353759765625,-3.847463590935422,5.986083984375,0.5086336458339753,0.21725524629140167,1.0294579734862976,0.0006901311249137336,0.29248046875,1.0,0.9987784021500122,0.9982897630100172,0.9980454434400196,0.997801123870022,0.9975568043000245,0.99970631541167,0.9730319377525486,AR1_rho_0.7,9
0.354736328125,-3.7198316920820322,5.981201171875,0.20926128218831208,-0.11191936930162813,0.9866641052451102,0.0013764624913971094,0.29052734375,1.0,0.9982893450635386,0.9975562072336266,0.9973118279569892,0.9970674486803519,0.9968230694037146,0.999657077618858,0.9246442568420292,AR1_rho_0.7,10
0.354736328125,-3.7198316920820322,5.992431640625,0.8978177185733375,0.9853293493418045,1.044886269895272,0.0006882312456985547,0.29052734375,1.0,0.999755859375,0.99951171875,0.998779296875,0.99755859375,0.996826171875,0.9992177660267496,0.9587237143996675,AR1_rho_0.7,11
0.358154296875,-3.273120046095169,5.949462890625,-1.736659081508499,-2.3064168065884934,1.0060238859313086,0.0006816632583503749,0.28369140625,1.0,0.9953476983349657,0.9936336924583742,0.9933888344760039,0.9926542605288933,0.9919196865817825,0.9992116957819315,0.9311277626052634,AR1_rho_0.7,12
0.356689453125,-3.4645678943752536,5.976318359375,-0.09011108145735117,-0.2216442411659714,1.0891303626466244,0.0013689253935660506,0.28662109375,1.0,0.9982889269127353,0.9978000488878025,0.9970667318504033,0.9958445367880714,0.9946223417257394,0.9990683333562419,0.9676712847293113,AR1_rho_0.7,13
0.36376953125,-2.53923662768818,5.967529296875,-0.628981336019545,-0.44109398489465795,0.987432180887298,0.0,0.2724609375,1.0,0.9978000488878025,0.9968222928379369,0.9960889758005378,0.9934001466634075,0.9907113175262772,0.9982317257065414,0.9299717301922648,AR1_rho_0.7,14
0.3623046875,-2.730684475968264,5.986572265625,0.5385708821985417,0.32698011815574496,1.0641607490362874,0.0,0.275390625,1.0,0.9987787005373717,0.9980459208597948,0.9978016609672692,0.9975574010747436,0.9973131411822179,0.9996574132779228,0.9246441433635684,AR1_rho_0.7,15
0.366943359375,-2.1244329564146645,5.96533203125,-0.7636988996600934,-0.44109398489465795,1.0201543508531465,0.0006653359946773121,0.26611328125,1.0,0.9978000488878025,0.9965778538254706,0.9951112197506722,0.9926668296260083,0.9904668785138108,0.9981332314703272,0.9800613633293789,AR1_rho_0.7,16
0.356201171875,-3.528383843801948,5.979736328125,0.1194495730946131,-0.2216442411659714,1.0070544752065334,0.0006854009595613434,0.28759765625,1.0,0.9982889269127353,0.9978000488878025,0.9975556098753361,0.9970667318504033,0.9963334148130042,0.9995344310172773,0.97034641812185,AR1_rho_0.7,17
0.360107421875,-3.0178562483883904,5.976318359375,-0.09011108145735117,-0.44109398489465795,0.993655064132142,0.002033898305084746,0.27978515625,1.0,0.9978000488878025,0.9968222928379369,0.9965778538254706,0.9963334148130042,0.9960889758005378,0.9996077577289776,0.8768724219853862,AR1_rho_0.7,18
0.355224609375,-3.6560157426553377,5.993408203125,0.9576921913024702,0.9853293493418045,1.0570533592912998,0.0013745704467353953,0.28955078125,1.0,0.999755859375,0.99951171875,0.9990234375,0.998046875,0.9970703125,0.9993156074691858,0.9421738919650441,AR1_rho_0.7,19
0.367431640625,-2.06061700698797,5.989501953125,0.7181943003859396,0.9853293493418045,0.9802550923344765,0.00132890365448505,0.26513671875,1.0,0.999755859375,0.99951171875,0.998779296875,0.996826171875,0.99462890625,0.9987035137751341,0.8965752076943937,AR1_rho_0.7,20
0.35791015625,-3.3050280208085168,5.948974609375,-1.7665963178730653,-0.9897183442163743,1.080310194018078,0.0006821282401091405,0.2841796875,1.0,0.9968215158924205,0.9948655256723716,0.9931540342298288,0.9887530562347189,0.9841075794621027,0.9968214628995393,0.9506716316759226,AR1_rho_0.7,21
0.345947265625,-4.868518781762537,5.996337890625,1.1373156094898682,0.9853293493418045,1.0508917406717582,0.0014114326040931546,0.30810546875,1.0,0.999755859375,0.99951171875,0.999267578125,0.9990234375,0.998779296875,0.9997557102570737,0.9999999791077788,AR1_rho_0.7,22
0.351318359375,-4.166543338068895,5.989013671875,0.6882570640213732,0.6561547337487748,1.052202610122018,0.0,0.29736328125,1.0,0.9992673992673993,0.9987789987789988,0.9982905982905983,0.9975579975579976,0.9965811965811966,0.9993395356952143,0.9744747469949099,AR1_rho_0.7,23
0.366455078125,-2.188248905841359,5.982177734375,0.26913575491744474,0.21725524629140167,0.9744293620178295,0.001998667554963358,0.26708984375,1.0,0.9987784021500122,0.9982897630100172,0.997801123870022,0.9965795260200342,0.9951136086000488,0.9990937424466227,0.9374499615376862,AR1_rho_0.7,24
0.375244140625,-1.0395618161608544,5.991455078125,0.8379432458442049,0.6561547337487748,1.0802262863147831,0.0006506180871828237,0.24951171875,1.0,0.9992673992673993,0.9987789987789988,0.9985347985347985,0.9982905982905983,0.998046398046398,0.9997066026326495,0.9730318801144043,AR1_rho_0.7,25
0.359619140625,-3.081672197815085,5.976318359375,-0.09011108145735117,0.6561547337487748,1.0597419937762538,0.0013577732518669382,0.28076171875,1.0,0.9992673992673993,0.9985347985347985,0.9973137973137973,0.9936507936507937,0.989010989010989,0.9974495473146373,0.8926218855605821,AR1_rho_0.7,26
0.34326171875,-5.219506503609358,5.980712890625,0.17932404582374575,-0.2216442411659714,1.07821733969683,0.0007112375533428165,0.3134765625,1.0,0.9982889269127353,0.9978000488878025,0.9975556098753361,0.9973111708628697,0.9970667318504033,0.9997060276277902,0.9730319955035883,AR1_rho_0.7,27
0.36669921875,-2.1563409311280117,5.996337890625,1.1373156094898682,0.9853293493418045,1.0357971846318241,0.0013315579227696406,0.2666015625,1.0,0.999755859375,0.99951171875,0.999267578125,0.9990234375,0.998779296875,0.9997557102570737,0.9999999791077788,AR1_rho_0.7,28
0.369140625,-1.8372611839945383,5.970947265625,-0.4194206814675807,-0.879993472352031,1.013116953806046,0.0,0.26171875,1.0,0.9973098557104426,0.9963316214233309,0.9960870628515529,0.995842504279775,0.9955979457079971,0.9996073727163496,0.8768725791296103,AR1_rho_0.7,29
0.3662109375,-2.2201568805547067,5.987548828125,0.5984453549276743,0.9853293493418045,1.027685301165975,0.0013333333333333333,0.267578125,1.0,0.999755859375,0.9990234375,0.99755859375,0.99609375,0.9951171875,0.9987769421893675,0.9888967144150806,AR1_rho_0.9,0
0.372802734375,-1.358641563294328,5.972900390625,-0.29967173600931546,-0.11191936930162813,0.9498980497967651,0.0006548788474132286,0.25439453125,1.0,0.9982893450635386,0.9975562072336266,0.9965786901270772,0.9943792766373412,0.9919354838709677,0.9984052752990767,0.9402028269544411,AR1_rho_0.9,1
0.363525390625,-2.5711446024015276,5.963623046875,-0.8684792269360756,-1.0994432160807175,1.0220062335143847,0.001343183344526528,0.27294921875,1.0,0.9968207385668868,0.9953533871362191,0.9948642699926632,0.9938860357055515,0.9929078014184397,0.9990662789218666,0.9810591835291588,AR1_rho_0.9,2
0.347900390625,-4.613254984055758,5.984619140625,0.41882193674027635,0.32698011815574496,1.0230369959556125,0.0007017543859649122,0.30419921875,1.0,0.9987787005373717,0.9980459208597948,0.9978016609672692,0.9970688812896922,0.995847581827064,0.9993144883606835,0.9466959778685903,AR1_rho_0.9,3
0.381103515625,-0.27377042304051796,5.990478515625,0.7780687731150723,0.9853293493418045,1.02316825679451,0.0,0.23779296875,1.0,0.999755859375,0.999267578125,0.998291015625,0.9970703125,0.99609375,0.999046379486743,0.9824731055843257,AR1_rho_0.9,4
0.35546875,-3.62410776794199,5.990966796875,0.8080060094796385,0.5464298618844314,1.0450323777713093,0.0013736263736263737,0.2890625,1.0,0.9992672203224231,0.9990229604298974,0.9987787005373717,0.9985344406448461,0.9982901807523205,0.9997554713136589,0.9999999790668839,AR1_rho_0.9,5
0.3720703125,-1.45436548743437,5.93603515625,-2.559933081534073,-1.0994432160807175,1.0580337297848417,0.0,0.255859375,1.0,0.9968207385668868,0.9948642699926632,0.991440449987772,0.9848373685497677,0.9782342871117633,0.9952340628130437,0.9493124530757238,AR1_rho_0.9,6
0.370849609375,-1.613905361001107,5.996337890625,1.1373156094898682,0.9853293493418045,1.0317844293068805,0.0,0.25830078125,1.0,0.999755859375,0.99951171875,0.999267578125,0.9990234375,0.998779296875,0.9997557102570737,0.9999999791077788,AR1_rho_0.9,7
0.361328125,-2.8583163748216536,5.991943359375,0.8678804822087712,0.9853293493418045,1.0004111233196604,0.0,0.27734375,1.0,0.999755859375,0.99951171875,0.999267578125,0.997802734375,0.99560546875,0.9989973656777699,0.8351988162203138,AR1_rho_0.9,8
0.361572265625,-2.8264084001083063,5.991455078125,0.8379432458442049,0.6561547337487748,1.0352595494613124,0.0,0.27685546875,1.0,0.9992673992673993,0.9987789987789988,0.9985347985347985,0.9982905982905983,0.998046398046398,0.9997066026326495,0.9730318801144043,AR1_rho_0.9,9
0.365478515625,-2.3158808046947486,5.994384765625,1.0175666640316028,0.9853293493418045,0.9831662404888397,0.0,0.26904296875,1.0,0.999755859375,0.99951171875,0.999267578125,0.99853515625,0.997314453125,0.9994134225867836,0.8832451648729354,AR1_rho_0.9,10
0.354736328125,-3.7198316920820322,5.993408203125,0.9576921913024702,0.9853293493418045,1.042532459543532,0.0013764624913971094,0.29052734375,1.0,0.999755859375,0.99951171875,0.999267578125,0.998046875,0.996826171875,0.9992666645946504,0.8891660537289254,AR1_rho_0.9,11
0.36767578125,-2.0287090322746226,5.949951171875,-1.7067218451439328,-2.3064168065884934,1.022051752104479,0.0006640106241699867,0.2646484375,1.0,0.9953476983349657,0.9936336924583742,0.9933888344760039,0.9928991185112634,0.9921645445641528,0.9992856685499838,0.9026021150413671,AR1_rho_0.9,12
0.35595703125,-3.5602918185152954,5.989013671875,0.6882570640213732,0.5464298618844314,1.0600457912997197,0.0006858710562414266,0.2880859375,1.0,0.9992672203224231,0.9990229604298974,0.9985344406448461,0.9978016609672692,0.9973131411822179,0.9994863224812555,0.9756152892565568,AR1_rho_0.9,13
0.364501953125,-2.443512703548138,5.967529296875,-0.628981336019545,-0.44109398489465795,0.9926865884917206,0.0,0.27099609375,1.0,0.9978000488878025,0.9968222928379369,0.9963334148130042,0.9936445856758739,0.9902224395013444,0.9981577460880945,0.8934796349883293,AR1_rho_0.9,14
0.36572265625,-2.2839728299814013,5.985595703125,0.478696409469409,0.32698011815574496,1.0718283106723203,0.0,0.2685546875,1.0,0.9987787005373717,0.9980459208597948,0.9978016609672692,0.9973131411822179,0.9965803615046409,0.9994859931477208,0.9756403015166025,AR1_rho_0.9,15
0.36376953125,-2.53923662768818,5.954345703125,-1.4372867178628357,-1.3188929598094041,1.001204277721847,0.0,0.2724609375,1.0,0.9963316214233309,0.9941305942773294,0.9929078014184397,0.9911958914159942,0.9899730985571045,0.9984251247203816,0.9895360544237036,AR1_rho_0.9,16
0.3525390625,-4.007003464502159,5.996337890625,1.1373156094898682,0.9853293493418045,1.0106009147647221,0.0,0.294921875,1.0,0.999755859375,0.99951171875,0.999267578125,0.9990234375,0.998779296875,0.9997557102570737,0.9999999791077788,AR1_rho_0.9,17
0.376708984375,-0.8481139678807703,5.981201171875,0.20926128218831208,-0.11191936930162813,1.0101255322305271,0.0006480881399870382,0.24658203125,1.0,0.9982893450635386,0.9975562072336266,0.9973118279569892,0.9970674486803519,0.9968230694037146,0.999657077618858,0.9246442568420292,AR1_rho_0.9,18
0.365234375,-2.347788779408096,5.98193359375,0.25416713673516156,0.9853293493418045,1.04745884466396,0.00267379679144385,0.26953125,1.0,0.999755859375,0.99951171875,0.998046875,0.994140625,0.990478515625,0.997599478455932,0.8964589945376035,AR1_rho_0.9,19
0.369873046875,-1.7415372598544963,5.950439453125,-1.6767846087793663,-1.9772421909954636,1.0367696562750612,0.0013201320132013201,0.26025390625,1.0,0.9958384332925336,0.9941248470012239,0.993390452876377,0.9921664626682987,0.9909424724602203,0.9988178000036221,0.9880689902987208,AR1_rho_0.9,20
0.365478515625,-2.3158808046947486,5.925537109375,-3.2035836633722488,-2.7453162940458666,1.0545313152810263,0.0006680026720106881,0.26904296875,1.0,0.9943682664054848,0.9911851126346719,0.9889813907933399,0.9855533790401567,0.9828599412340843,0.9971061933761851,0.9968449551089437,AR1_rho_0.9,21
0.354736328125,-3.7198316920820322,5.988037109375,0.6283825912922406,0.6561547337487748,1.0102830576374395,0.0013764624913971094,0.29052734375,1.0,0.9992673992673993,0.9987789987789988,0.9985347985347985,0.9973137973137973,0.9956043956043956,0.9991190963979046,0.8923003120811178,AR1_rho_0.9,22
0.333251953125,-6.527733466856599,5.994384765625,1.0175666640316028,0.9853293493418045,1.0537570550700617,0.0014652014652014652,0.33349609375,1.0,0.999755859375,0.99951171875,0.9990234375,0.998291015625,0.997802734375,0.9994868245893287,0.9756153366449675,AR1_rho_0.9,23
0.360107421875,-3.0178562483883904,5.992919921875,0.9277549549379038,0.9853293493418045,1.044665655194716,0.0013559322033898306,0.27978515625,1.0,0.999755859375,0.99951171875,0.998779296875,0.997802734375,0.9970703125,0.9992911596798644,0.9688243184481771,AR1_rho_0.9,24
0.369140625,-1.8372611839945383,5.981201171875,0.20926128218831208,0.6561547337487748,1.0228658617155084,0.0006613756613756613,0.26171875,1.0,0.9992673992673993,0.9987789987789988,0.9982905982905983,0.9951159951159951,0.9912087912087912,0.9980151081257401,0.8506983315129005,AR1_rho_0.9,25
0.36328125,-2.603052577114875,5.988525390625,0.658319827656807,0.9853293493418045,1.013115401194606,0.0006720430107526882,0.2734375,1.0,0.999755859375,0.9990234375,0.997802734375,0.99658203125,0.995361328125,0.9988748963405079,0.9924167084134905,AR1_rho_0.9,26
0.356201171875,-3.528383843801948,5.988037109375,0.6283825912922406,0.5464298618844314,0.9962013229646609,0.0006854009595613434,0.28759765625,1.0,0.9992672203224231,0.9990229604298974,0.9985344406448461,0.9975574010747436,0.9965803615046409,0.9993149376809471,0.9421737608925197,AR1_rho_0.9,27
0.365234375,-2.347788779408096,5.996337890625,1.1373156094898682,0.9853293493418045,1.0076287055246533,0.002005347593582888,0.26953125,1.0,0.999755859375,0.99951171875,0.999267578125,0.9990234375,0.998779296875,0.9997557102570737,0.9999999791077788,AR1_rho_0.9,28
0.37451171875,-1.1352857403008965,5.996337890625,1.1373156094898682,0.9853293493418045,1.0112307835665812,0.000651890482398957,0.2509765625,1.0,0.999755859375,0.99951171875,0.999267578125,0.9990234375,0.998779296875,0.9997557102570737,0.9999999791077788,AR1_rho_0.9,29
0.390869140625,1.0025485654933761,5.97265625,-0.3146403541915986,0.32698011815574496,0.8898382710548735,0.0,0.21826171875,1.0,0.9987787005373717,0.9975574010747436,0.9956033219345384,0.9929164631167562,0.9907181240840254,0.9979152254186104,0.9841233039379198,ARCH1_a07,0
0.408447265625,3.2999227448543857,5.978271484375,0.029637864000914126,-0.11191936930162813,0.8619760794161639,0.0,0.18310546875,1.0,0.9982893450635386,0.9973118279569892,0.9965786901270772,0.9960899315738025,0.9958455522971652,0.9993873972875628,0.9471088742049094,ARCH1_a07,1
0.39453125,1.4811681861935866,5.981201171875,0.20926128218831208,0.6561547337487748,0.874201379603534,0.0006188118811881188,0.2109375,1.0,0.9992673992673993,0.9987789987789988,0.998046398046398,0.9951159951159951,0.9914529914529915,0.9980642786983849,0.8726092170273395,ARCH1_a07,2
0.390869140625,1.0025485654933761,5.961669921875,-0.9882281723943409,-1.3188929598094041,0.87293318662431,0.0,0.21826171875,1.0,0.9968191827746513,0.9955957915341326,0.9948617567898214,0.9941277220455101,0.9933936873011989,0.9991643153394958,0.9864632167223412,ARCH1_a07,3
0.406005859375,2.980842997720912,5.990478515625,0.7780687731150723,0.9853293493418045,0.8623324241118474,0.0,0.18798828125,1.0,0.999755859375,0.99951171875,0.998779296875,0.9970703125,0.995361328125,0.9988750158823714,0.9165843713753915,ARCH1_a07,4
0.3974609375,1.8640638827537548,5.995361328125,1.0774411367607355,0.9853293493418045,0.8683995139321323,0.0006142506142506142,0.205078125,1.0,0.999755859375,0.99951171875,0.999267578125,0.998779296875,0.998046875,0.999584608589002,0.9381979454607049,ARCH1_a07,5
0.397216796875,1.8321559080404073,5.973876953125,-0.2397972632801828,0.21725524629140167,0.8709862457046016,0.0,0.20556640625,1.0,0.9987784021500122,0.9980454434400196,0.9970681651600293,0.9941363303200587,0.9902272172000978,0.997890082032535,0.8961173807110954,ARCH1_a07,6
0.39697265625,1.80024793332706,5.995361328125,1.0774411367607355,0.9853293493418045,0.9088094547864041,0.0,0.2060546875,1.0,0.999755859375,0.99951171875,0.999267578125,0.998779296875,0.998046875,0.999584608589002,0.9381979454607049,ARCH1_a07,7
0.390380859375,0.9387326160666815,5.982666015625,0.29907299128201104,0.21725524629140167,0.863317991418742,0.0,0.21923828125,1.0,0.9987784021500122,0.9982897630100172,0.9980454434400196,0.9968238455900318,0.9951136086000488,0.9991182333399392,0.8923000554692024,ARCH1_a07,8
0.384521484375,0.17294122294634498,5.948486328125,-1.7965335542376317,-2.85504116591021,0.8788890468955638,0.0006349206349206349,0.23095703125,1.0,0.9953419955871537,0.9948516793331699,0.994606521206178,0.9943613630791861,0.9941162049521942,0.999704289010389,0.9730323443994895,ARCH1_a07,9
0.3701171875,-1.709629285141149,5.979736328125,0.1194495730946131,-0.0021944974372848695,0.9131413221970881,0.0,0.259765625,1.0,0.9982897630100172,0.9973124847300269,0.9968238455900318,0.9960908868800391,0.995602247740044,0.9993385048888491,0.9852178500159632,ARCH1_a07,10
0.39013671875,0.9068246413533341,5.976806640625,-0.060173845092784846,-0.11191936930162813,0.8751856831899505,0.0,0.2197265625,1.0,0.9982893450635386,0.9975562072336266,0.9965786901270772,0.9953567937438905,0.9948680351906158,0.9990930761738713,0.9863120780793285,ARCH1_a07,11
0.38623046875,0.39629704593977644,5.975341796875,-0.14998555418648382,-0.6605437286233444,0.9042577098581438,0.0,0.2275390625,1.0,0.9977989728539985,0.9973098557104426,0.9970652971386648,0.9968207385668868,0.9965761799951088,0.9997057392793537,0.9730320533678616,ARCH1_a07,12
0.378173828125,-0.6566661196006862,5.965087890625,-0.7786675178423766,-0.9897183442163743,0.9308352135562435,0.0006455777921239509,0.24365234375,1.0,0.9973091976516634,0.9965753424657534,0.9955968688845401,0.9941291585127201,0.9931506849315068,0.9989191337596331,0.9876749228567365,ARCH1_a07,13
0.401123046875,2.3426835034539653,5.964111328125,-0.8385419905715092,-0.879993472352031,0.831727195495609,0.0,0.19775390625,1.0,0.9973098557104426,0.9963316214233309,0.9955979457079971,0.9933969185619956,0.99168500855955,0.9985748341331707,0.9609147705054979,ARCH1_a07,14
0.396484375,1.7364319839003652,5.985107421875,0.44875917310484265,0.6561547337487748,0.9026109415454225,0.0,0.20703125,1.0,0.9992673992673993,0.9985347985347985,0.9975579975579976,0.9960927960927961,0.9951159951159951,0.9989231018873862,0.9876752182152775,ARCH1_a07,15
0.385498046875,0.3005731217997344,5.977783203125,-0.0002993723636521979,0.21725524629140167,0.891163125318039,0.0,0.22900390625,1.0,0.9987784021500122,0.9982897630100172,0.997801123870022,0.9951136086000488,0.9921817737600782,0.9983573629950422,0.8743230465179099,ARCH1_a07,16
0.388427734375,0.6834688183599027,5.93701171875,-2.5000586088049404,-3.6231152689606128,0.9300578071660411,0.0,0.22314453125,1.0,0.9943572129538764,0.9936211972522081,0.9931305201177625,0.992639842983317,0.9923945044160942,0.9995061483204712,0.9709626417450917,ARCH1_a07,17
0.393798828125,1.3854442620535445,5.98095703125,0.1942926640060289,0.5464298618844314,0.8622334879171412,0.0006199628022318661,0.21240234375,1.0,0.9992672203224231,0.9990229604298974,0.9978016609672692,0.995114802149487,0.9926722032242306,0.9982851610601605,0.915930614498117,ARCH1_a07,18
0.3837890625,0.07721729880630292,5.9814453125,0.22422990037059523,0.32698011815574496,0.9284400051623164,0.0,0.232421875,1.0,0.9987787005373717,0.9978016609672692,0.9968246213971665,0.995847581827064,0.995114802149487,0.9990693781343101,0.9972806508335671,ARCH1_a07,19
0.390380859375,0.9387326160666815,5.993896484375,0.9876294276670365,0.9853293493418045,0.8663729753130652,0.0006253908692933083,0.21923828125,1.0,0.999755859375,0.99951171875,0.999267578125,0.998291015625,0.9970703125,0.9993400498767583,0.8888474042887555,ARCH1_a07,20
0.385009765625,0.2367571723730397,5.957763671875,-1.2277260633108715,-0.879993472352031,0.8872071852519239,0.0006341154090044388,0.22998046875,1.0,0.9973098557104426,0.9963316214233309,0.9948642699926632,0.9911958914159942,0.9882611885546588,0.9976630407241095,0.9448257686634723,ARCH1_a07,21
0.397216796875,1.8321559080404073,5.94482421875,-2.021062826971879,-1.2091680879450608,0.917850416013526,0.0,0.20556640625,1.0,0.9968199608610567,0.9951076320939335,0.9931506849315068,0.9882583170254403,0.9831213307240705,0.9965477678370436,0.9410089193246493,ARCH1_a07,22
0.39306640625,1.2897203379135023,5.963623046875,-0.8684792269360756,-1.0994432160807175,0.8889171285844303,0.0012422360248447205,0.2138671875,1.0,0.9968207385668868,0.9953533871362191,0.9948642699926632,0.9941305942773294,0.9926632428466617,0.9990416383759004,0.9675330065784239,ARCH1_a07,23
0.38525390625,0.26866514708638706,5.978759765625,0.05957510036548045,0.6561547337487748,0.8862446546488009,0.0,0.2294921875,1.0,0.9992673992673993,0.9985347985347985,0.9970695970695971,0.9938949938949939,0.9914529914529915,0.9979661519895646,0.9475378293549356,ARCH1_a07,24
0.4013671875,2.3745914781673125,5.954833984375,-1.4073494814982694,-0.44109398489465795,0.8752252695930075,0.0,0.197265625,1.0,0.9978000488878025,0.9960889758005378,0.9934001466634075,0.9890002444390125,0.9858225372769494,0.9968753813196298,0.977170278981768,ARCH1_a07,25
0.388671875,0.71537679307325,5.994873046875,1.0475039003961693,0.9853293493418045,0.9072251595340171,0.0,0.22265625,1.0,0.999755859375,0.99951171875,0.999267578125,0.99853515625,0.997802734375,0.9995112652067595,0.9344730796953837,ARCH1_a07,26
0.388427734375,0.6834688183599027,5.980712890625,0.17932404582374575,-0.2216442411659714,0.9111292621025106,0.0,0.22314453125,1.0,0.9982889269127353,0.9978000488878025,0.9975556098753361,0.9973111708628697,0.9970667318504033,0.9997060276277902,0.9730319955035883,ARCH1_a07,27
0.388671875,0.71537679307325,5.988037109375,0.6283825912922406,0.5464298618844314,0.8557785381173607,0.0,0.22265625,1.0,0.9992672203224231,0.9990229604298974,0.9985344406448461,0.9975574010747436,0.9965803615046409,0.9993149376809471,0.9421737608925197,ARCH1_a07,28
0.39013671875,0.9068246413533341,5.969482421875,-0.5092323905612797,-0.7702686004876877,0.8530221329988968,0.0,0.2197265625,1.0,0.9973105134474327,0.9960880195599022,0.9955990220048899,0.9948655256723716,0.9943765281173594,0.9992882018879798,0.9690387684749797,ARCH1_a07,29
0.3798828125,-0.43331029660725473,5.967041015625,-0.6589185723841113,-0.0021944974372848695,0.8896858143503789,0.0,0.240234375,1.0,0.9982897630100172,0.9970681651600293,0.9948692890300513,0.991693134620083,0.9894942584901051,0.9976922021575153,0.9802625706333302,ARCH1_a09,0
0.41259765625,3.8423583149812908,5.978271484375,0.029637864000914126,-0.11191936930162813,0.8169920478002667,0.0,0.1748046875,1.0,0.9982893450635386,0.9973118279569892,0.9965786901270772,0.9960899315738025,0.9958455522971652,0.9993873972875628,0.9471088742049094,ARCH1_a09,1
0.396728515625,1.7683399586137127,5.931884765625,-2.8143995906328865,-2.52586655031718,0.871479175833483,0.0006153846153846154,0.20654296875,1.0,0.9948579823702253,0.9921645445641528,0.9899608227228207,0.9870225269343781,0.9853085210577864,0.9975543484239923,0.9949182907314602,ARCH1_a09,2
0.395263671875,1.5768921103336286,5.961181640625,-1.0181654087589072,-1.3188929598094041,0.8527581274041299,0.0,0.20947265625,1.0,0.9968191827746513,0.9955957915341326,0.9948617567898214,0.9938830437974064,0.9931490090530952,0.9990904972728486,0.99211035743802,ARCH1_a09,3
0.400390625,2.246959579313923,5.990478515625,0.7780687731150723,0.9853293493418045,0.8702448312477077,0.0,0.19921875,1.0,0.999755859375,0.99951171875,0.998779296875,0.9970703125,0.995361328125,0.9988750158823714,0.9165843713753915,ARCH1_a09,4
0.405029296875,2.8532110988675226,5.995361328125,1.0774411367607355,0.9853293493418045,0.8538838173154009,0.0,0.18994140625,1.0,0.999755859375,0.99951171875,0.999267578125,0.998779296875,0.998046875,0.999584608589002,0.9381979454607049,ARCH1_a09,5
0.39990234375,2.1831436298872284,5.936767578125,-2.5150272269872236,-3.1842157815032395,0.8597936489570539,0.0,0.2001953125,1.0,0.993875551200392,0.9911807937285644,0.9909358157765801,0.9906908378245958,0.9904458598726115,0.9992594718545382,0.6925796227187511,ARCH1_a09,6
0.391357421875,1.066364514920071,5.995361328125,1.0774411367607355,0.9853293493418045,0.8944778517875023,0.0,0.21728515625,1.0,0.999755859375,0.99951171875,0.999267578125,0.998779296875,0.998046875,0.999584608589002,0.9381979454607049,ARCH1_a09,7
0.392333984375,1.1939964137734602,5.982666015625,0.29907299128201104,0.21725524629140167,0.8436252963005929,0.0,0.21533203125,1.0,0.9987784021500122,0.9982897630100172,0.9980454434400196,0.9968238455900318,0.9951136086000488,0.9991182333399392,0.8923000554692024,ARCH1_a09,8
0.390869140625,1.0025485654933761,5.948974609375,-1.7665963178730653,-2.7453162940458666,0.8912324825818078,0.0006246096189881324,0.21826171875,1.0,0.995343137254902,0.9946078431372549,0.9943627450980392,0.9941176470588236,0.9938725490196079,0.999655049770185,0.9246449424092712,ARCH1_a09,9
0.375,-1.071469790874202,5.979736328125,0.1194495730946131,-0.0021944974372848695,0.8963236084252196,0.0,0.25,1.0,0.9982897630100172,0.9973124847300269,0.9968238455900318,0.9960908868800391,0.995602247740044,0.9993385048888491,0.9852178500159632,ARCH1_a09,10
0.388671875,0.71537679307325,5.976806640625,-0.060173845092784846,-0.11191936930162813,0.9028456917659861,0.0,0.22265625,1.0,0.9982893450635386,0.9975562072336266,0.9965786901270772,0.9953567937438905,0.9948680351906158,0.9990930761738713,0.9863120780793285,ARCH1_a09,11
0.389404296875,0.811100717213292,5.975341796875,-0.14998555418648382,-0.6605437286233444,0.9036873971041284,0.0,0.22119140625,1.0,0.9977989728539985,0.9973098557104426,0.9970652971386648,0.9968207385668868,0.9965761799951088,0.9997057392793537,0.9730320533678616,ARCH1_a09,12
0.385009765625,0.2367571723730397,5.965087890625,-0.7786675178423766,-0.9897183442163743,0.9016169088632029,0.0006341154090044388,0.22998046875,1.0,0.9973091976516634,0.9965753424657534,0.9955968688845401,0.9941291585127201,0.9931506849315068,0.9989191337596331,0.9876749228567365,ARCH1_a09,13
0.399169921875,2.087419705747186,5.964111328125,-0.8385419905715092,-0.879993472352031,0.8362633137390474,0.0,0.20166015625,1.0,0.9973098557104426,0.9963316214233309,0.9955979457079971,0.9933969185619956,0.99168500855955,0.9985748341331707,0.9609147705054979,ARCH1_a09,14
0.389892578125,0.8749166666399868,5.9931640625,0.9427235731201871,0.9853293493418045,0.9069122463139488,0.0,0.22021484375,1.0,0.999755859375,0.99951171875,0.998779296875,0.997802734375,0.997314453125,0.9993400917709658,0.969377352298692,ARCH1_a09,15
0.384521484375,0.17294122294634498,5.977783203125,-0.0002993723636521979,0.21725524629140167,0.8852145122714743,0.0,0.23095703125,1.0,0.9987784021500122,0.9982897630100172,0.997801123870022,0.9951136086000488,0.9921817737600782,0.9983573629950422,0.8743230465179099,ARCH1_a09,16
0.381591796875,-0.20995447361382327,5.933349609375,-2.7245878815391875,-3.9522898845536423,0.9034923881617527,0.0,0.23681640625,1.0,0.9938650306748467,0.9928834355828221,0.992638036809816,0.9923926380368098,0.9921472392638037,0.9996046563182207,0.8768736878369181,ARCH1_a09,17
0.399658203125,2.151235655173881,5.9814453125,0.22422990037059523,0.6561547337487748,0.8786998332464108,0.0006108735491753207,0.20068359375,1.0,0.9992673992673993,0.9987789987789988,0.9975579975579976,0.9948717948717949,0.9924297924297925,0.998236364248848,0.9320511298444076,ARCH1_a09,18
0.386962890625,0.49202097007981854,5.961181640625,-1.0181654087589072,-0.44109398489465795,0.9250515246505671,0.0,0.22607421875,1.0,0.9978000488878025,0.9965778538254706,0.9943779027132731,0.9909557565387436,0.9887558054265461,0.9976160058823165,0.9770330979360548,ARCH1_a09,19
0.389892578125,0.8749166666399868,5.993896484375,0.9876294276670365,0.9853293493418045,0.866880436109102,0.0,0.22021484375,1.0,0.999755859375,0.99951171875,0.999267578125,0.998291015625,0.9970703125,0.9993400498767583,0.8888474042887555,ARCH1_a09,20
0.385498046875,0.3005731217997344,5.957275390625,-1.2576632996754378,-0.9897183442163743,0.9009075020244942,0.0,0.22900390625,1.0,0.9973091976516634,0.9965753424657534,0.9951076320939335,0.9914383561643836,0.9885029354207436,0.997711976960217,0.9344369666594012,ARCH1_a09,21
0.393798828125,1.3854442620535445,5.979248046875,0.08951233673004677,0.5464298618844314,0.9086385268388023,0.0,0.21240234375,1.0,0.9992672203224231,0.9987787005373717,0.9975574010747436,0.9946262823644357,0.9919394235466537,0.9981131281231326,0.9243162576318559,ARCH1_a09,22
0.389404296875,0.811100717213292,5.963623046875,-0.8684792269360756,-1.0994432160807175,0.9107523524357204,0.0012539184952978057,0.22119140625,1.0,0.9968207385668868,0.9953533871362191,0.9948642699926632,0.9941305942773294,0.9926632428466617,0.9990416383759004,0.9675330065784239,ARCH1_a09,23
0.38720703125,0.5239289447931659,5.978759765625,0.05957510036548045,0.6561547337487748,0.8828856049928134,0.0,0.2255859375,1.0,0.9992673992673993,0.9985347985347985,0.9970695970695971,0.9938949938949939,0.9914529914529915,0.9979661519895646,0.9475378293549356,ARCH1_a09,24
0.3994140625,2.1193276804605334,5.966796875,-0.6738871905663945,-0.11191936930162813,0.8695136129892291,0.0,0.201171875,1.0,0.9982893450635386,0.9973118279569892,0.9958455522971652,0.9921798631476051,0.9890029325513197,0.9976177612805253,0.9412147008229642,ARCH1_a09,25
0.381591796875,-0.20995447361382327,5.993896484375,0.9876294276670365,0.9853293493418045,0.9160404393372362,0.0,0.23681640625,1.0,0.999755859375,0.99951171875,0.999267578125,0.998291015625,0.9970703125,0.9993400498767583,0.8888474042887555,ARCH1_a09,26
0.3935546875,1.353536287340197,5.981201171875,0.20926128218831208,-0.11191936930162813,0.8873546862511664,0.0,0.212890625,1.0,0.9982893450635386,0.9975562072336266,0.9973118279569892,0.9970674486803519,0.9968230694037146,0.999657077618858,0.9246442568420292,ARCH1_a09,27
0.3916015625,1.0982724896334182,5.988037109375,0.6283825912922406,0.5464298618844314,0.8311881039925413,0.0,0.216796875,1.0,0.9992672203224231,0.9990229604298974,0.9985344406448461,0.9975574010747436,0.9965803615046409,0.9993149376809471,0.9421737608925197,ARCH1_a09,28
0.3935546875,1.353536287340197,5.969970703125,-0.47929515419671337,-0.7702686004876877,0.8303874337224152,0.0,0.212890625,1.0,0.9973105134474327,0.9960880195599022,0.9958435207823961,0.9951100244498777,0.9943765281173594,0.9993127577421338,0.9656045506854203,ARCH1_a09,29
0.395,1.5424314976432156,5.699,-17.092904600240075,-18.23056801051692,0.9650633078727622,0.002531645569620253,0.21,1.0,0.9725609756097561,0.9603658536585366,0.9573170731707317,0.9532520325203252,0.948170731707317,0.994193785624873,0.9297444884985241,FGN_H_0.6,0
0.372,-1.4635549841518145,5.903,-4.585366745015198,-3.8487096055137067,0.9795432930725726,0.0,0.256,1.0,0.9929718875502008,0.9889558232931727,0.9859437751004017,0.9819277108433735,0.9769076305220884,0.9960326438338224,0.9924754725290219,FGN_H_0.6,1
0.4,2.19590681977257,5.935,-2.6234000226269774,-0.7026780794192539,0.9383930755023864,0.0,0.2,1.0,0.996996996996997,0.994994994994995,0.991991991991992,0.982982982982983,0.973973973973974,0.9941300708406708,0.9158378555529227,FGN_H_0.6,2
0.367,-2.117030306281169,5.875,-6.302087627104863,-5.646441906139109,1.0510916955500904,0.0,0.266,1.0,0.9909456740442656,0.9869215291750503,0.9818913480885312,0.9768611670020121,0.9738430583501007,0.9955036291729239,0.9939788109575751,FGN_H_0.6,3
0.408,3.24146733517953,5.933,-2.7460229427762277,0.6456211460497974,0.8976292356351889,0.0,0.184,1.0,0.999,0.997,0.992,0.979,0.966,0.9914962614491633,0.9107914800456836,FGN_H_0.6,4
0.388,0.6275660466621196,5.981,0.1969271408061029,0.6456211460497974,0.9358460337206195,0.0,0.224,1.0,0.999,0.998,0.997,0.995,0.992,0.9982940685699873,0.9378436881634801,FGN_H_0.6,5
0.377,-0.8100796620224601,5.935,-2.6234000226269774,-2.5004103800446558,0.9029393440642755,0.0,0.246,1.0,0.9949849548645938,0.9929789368104313,0.9919759277833501,0.9889669007021064,0.9839518555667001,0.9973684801382378,0.9226951272959079,FGN_H_0.6,6
0.363,-2.6398105639846525,5.985,0.4421729811046577,0.6456211460497974,0.95086850717303,0.0,0.274,1.0,0.999,0.998,0.997,0.996,0.995,0.9989974926758884,0.9999996478897083,FGN_H_0.6,7
0.369,-1.855640177429427,5.931,-2.8686458629254776,-2.0509773048883053,0.9299397531969233,0.0,0.262,1.0,0.9949899799599199,0.9919839679358717,0.9899799599198397,0.9859719438877755,0.9799599198396793,0.9963545574088151,0.9577148469107007,FGN_H_0.6,8
0.365,-2.378420435132911,5.791,-11.452250273373915,-14.635103409266117,0.9463393345724853,0.0,0.27,1.0,0.9806910569105691,0.9776422764227642,0.9766260162601627,0.975609756097561,0.9745934959349594,0.9985455368467812,0.9250198212208287,FGN_H_0.6,9
0.357,-3.4239809505398777,5.925,-3.236514623373283,-3.399276530357356,0.9584290533081198,0.0028011204481792717,0.286,1.0,0.9929789368104313,0.9889669007021064,0.9879638916750251,0.9869608826479438,0.9859578736208626,0.998379104720676,0.8773739170157273,FGN_H_0.6,10
0.365,-2.378420435132911,5.923,-3.359137543522533,-3.8487096055137067,0.9766018583610508,0.0,0.27,1.0,0.9929718875502008,0.9899598393574297,0.9889558232931727,0.9879518072289156,0.9869477911646586,0.9985809197977538,0.9250078729779526,FGN_H_0.6,11
0.349,-4.469541465946845,5.859,-7.283070988298974,-6.994741131608159,0.9403958183377574,0.0,0.302,1.0,0.9889224572004028,0.9848942598187311,0.9818731117824774,0.9748237663645518,0.9697885196374623,0.9950768211806921,0.9807217104017376,FGN_H_0.6,12
0.366,-2.2477253707070397,5.837,-8.631923109940889,-10.590205732858964,1.0243382636796494,0.00546448087431694,0.268,1.0,0.9848331648129424,0.980788675429727,0.9797775530839231,0.9787664307381193,0.9777553083923155,0.9983523987277415,0.8773848178384943,FGN_H_0.6,13
0.387,0.4968709822362487,5.903,-4.585366745015198,-3.8487096055137067,0.9645573346219353,0.0,0.226,1.0,0.9929718875502008,0.9899598393574297,0.9869477911646586,0.9819277108433735,0.9748995983935743,0.9955218159792708,0.9612118228142271,FGN_H_0.6,14
0.385,0.23548085338450694,5.705,-16.72503583979227,-17.78113493536057,0.947782656009728,0.005194805194805195,0.23,1.0,0.9725888324873097,0.9593908629441624,0.9563451776649746,0.9532994923857868,0.950253807106599,0.9947305275096129,0.8642888587114245,FGN_H_0.8,0
0.354,-3.81606614381749,5.964,-0.8453676804626051,0.6456211460497974,1.010030833204821,0.005649717514124294,0.292,1.0,0.999,0.998,0.996,0.989,0.982,0.9956708095511354,0.8931763532712266,FGN_H_0.8,1
0.373,-1.3328599197259436,5.829,-9.122414790537944,-8.792473432233562,1.0005360687639209,0.0,0.254,1.0,0.9848942598187311,0.9758308157099698,0.972809667673716,0.9697885196374623,0.9667673716012085,0.9956729914703631,0.9259883064700641,FGN_H_0.8,2
0.359,-3.162590821688136,5.903,-4.585366745015198,-4.298142680670058,1.0219070078092933,0.002785515320334262,0.282,1.0,0.992964824120603,0.9909547738693467,0.9869346733668342,0.9819095477386934,0.9798994974874372,0.9964403350765413,0.9783342763594943,FGN_H_0.8,3
0.397,1.8038216264949576,5.925,-3.236514623373283,0.6456211460497974,0.9691954026681325,0.0,0.206,1.0,0.999,0.997,0.992,0.977,0.96,0.9900590307318617,0.8885654282409478,FGN_H_0.8,4
0.363,-2.6398105639846525,5.981,0.1969271408061029,0.6456211460497974,0.8614222392015575,0.0,0.274,1.0,0.999,0.998,0.997,0.995,0.992,0.9982940685699873,0.9378436881634801,FGN_H_0.8,5
0.379,-0.5486895331707183,5.937,-2.500777102477673,-2.0509773048883053,0.9375259027443105,0.0,0.242,1.0,0.9949899799599199,0.9919839679358717,0.9909819639278558,0.9879759519038076,0.9829659318637275,0.9971675193159266,0.9461791726896079,FGN_H_0.8,6
0.378,-0.6793845975965892,5.985,0.4421729811046577,0.6456211460497974,0.9693526595801537,0.0,0.244,1.0,0.999,0.998,0.997,0.996,0.995,0.9989974926758884,0.9999996478897083,FGN_H_0.8,7
0.362,-2.770505628410523,5.939,-2.378154182328423,-2.5004103800446558,0.9817052131478087,0.0,0.276,1.0,0.9949849548645938,0.9929789368104313,0.9919759277833501,0.9899699097291875,0.9869608826479438,0.9980789152340073,0.970083235175814,FGN_H_0.8,8
0.393,1.281041368791474,5.793,-11.329627353224664,-14.185670334109767,0.9113040041640075,0.0,0.214,1.0,0.9807106598984772,0.9766497461928934,0.9756345177664975,0.9746192893401016,0.9736040609137055,0.9983387129813022,0.8773904040763848,FGN_H_0.8,9
0.353,-3.946761208243361,5.923,-3.359137543522533,-3.8487096055137067,1.0342059997269817,0.0,0.294,1.0,0.9929718875502008,0.9899598393574297,0.9889558232931727,0.9879518072289156,0.9869477911646586,0.9985809197977538,0.9250078729779526,FGN_H_0.8,10
0.363,-2.6398105639846525,5.969,-0.5388103800894525,0.6456211460497974,1.0451796468917653,0.0027548209366391185,0.274,1.0,0.999,0.997,0.994,0.991,0.988,0.9971859272034624,0.9947528025757038,FGN_H_0.8,11
0.371,-1.5942500485776854,5.866,-6.853890767776571,-6.54530805645181,0.9446214116716181,0.0,0.258,1.0,0.9889336016096579,0.9839034205231388,0.9808853118712274,0.9758551307847082,0.971830985915493,0.9956988594735291,0.9954974307752699,FGN_H_0.8,12
0.387,0.4968709822362487,5.911,-4.094875064418143,-2.5004103800446558,1.0274035282240321,0.0,0.226,1.0,0.9949849548645938,0.9929789368104313,0.9899699097291875,0.9809428284854563,0.9699097291875627,0.9936955075611413,0.899023493691781,FGN_H_0.8,13
0.371,-1.5942500485776854,5.845,-8.141431429343834,-6.994741131608159,1.0354731177701084,0.0,0.258,1.0,0.9889224572004028,0.9848942598187311,0.9808660624370594,0.9697885196374623,0.9617321248741189,0.9929036792416255,0.9564540657218975,FGN_H_0.8,14
0.391845703125,1.1301804643467657,5.972900390625,-0.29967173600931546,0.32698011815574496,0.8818902589783068,0.0,0.21630859375,1.0,0.9987787005373717,0.9978016609672692,0.9965803615046409,0.9931607230092818,0.9894968246213972,0.9976691838372911,0.9252938747076126,ShTex_rho_0.5,0
0.39599609375,1.6726160344736707,5.947998046875,-1.826470790602198,-1.6480675754024339,0.893597375238058,0.0,0.2080078125,1.0,0.9963289280469897,0.9951052373959863,0.9938815467449829,0.9902104747919726,0.9870288790993637,0.9976340748512729,0.9426516594158953,ShTex_rho_0.5,1
0.391845703125,1.1301804643467657,5.994384765625,1.0175666640316028,0.9853293493418045,0.9366105323984822,0.0006230529595015577,0.21630859375,1.0,0.999755859375,0.99951171875,0.9990234375,0.998291015625,0.997802734375,0.9994868245893287,0.9756153366449675,ShTex_rho_0.5,2
0.3876953125,0.5877448942198605,5.986083984375,0.5086336458339753,0.5464298618844314,0.8884578799066029,0.0,0.224609375,1.0,0.9992672203224231,0.9990229604298974,0.9982901807523205,0.9968246213971665,0.9956033219345384,0.9990454997449877,0.9387361493134049,ShTex_rho_0.5,3
0.39111328125,1.0344565402067236,5.991455078125,0.8379432458442049,0.9853293493418045,0.9531389143444119,0.0,0.2177734375,1.0,0.999755859375,0.99951171875,0.9990234375,0.997314453125,0.995849609375,0.9989974555971414,0.9035777168773973,ShTex_rho_0.5,4
0.3818359375,-0.1780464989004759,5.983154296875,0.3290102276465774,0.21725524629140167,0.9172247400999802,0.0,0.236328125,1.0,0.9987784021500122,0.9982897630100172,0.997801123870022,0.9968238455900318,0.9958465673100415,0.9992653716655012,0.9696996529873212,ShTex_rho_0.5,5
0.393310546875,1.3216283126268498,5.943603515625,-2.095905917883295,-0.44109398489465795,0.9110155264914319,0.0,0.21337890625,1.0,0.9978000488878025,0.9963334148130042,0.9936445856758739,0.9853336592520167,0.9777560498655585,0.9948446309888894,0.9122689670048484,ShTex_rho_0.5,6
0.389892578125,0.8749166666399868,5.948974609375,-1.7665963178730653,-1.3188929598094041,0.8776287509537815,0.0,0.22021484375,1.0,0.9968191827746513,0.9955957915341326,0.9938830437974064,0.9899681918277465,0.9858086616099829,0.9972156082828421,0.9396747670721605,ShTex_rho_0.5,7
0.38623046875,0.39629704593977644,5.996337890625,1.1373156094898682,0.9853293493418045,0.9121349985692185,0.0006321112515802782,0.2275390625,1.0,0.999755859375,0.99951171875,0.999267578125,0.9990234375,0.998779296875,0.9997557102570737,0.9999999791077788,ShTex_rho_0.5,8
0.3720703125,-1.45436548743437,5.974365234375,-0.20986002691561648,0.21725524629140167,0.9370860465737757,0.0006561679790026247,0.255859375,1.0,0.9987784021500122,0.9980454434400196,0.9970681651600293,0.9941363303200587,0.9907158563400928,0.9979885466929982,0.9091298622022624,ShTex_rho_0.5,9
0.385498046875,0.3005731217997344,5.989013671875,0.6882570640213732,0.9853293493418045,0.9190068670204099,0.0006333122229259025,0.22900390625,1.0,0.999755859375,0.99951171875,0.9990234375,0.99658203125,0.994140625,0.9985809778688713,0.866722020170316,ShTex_rho_0.5,10
0.392333984375,1.1939964137734602,5.970458984375,-0.44935791783214707,-0.6605437286233444,0.9459962061078552,0.0,0.21533203125,1.0,0.9977989728539985,0.9970652971386648,0.9960870628515529,0.9951088285644412,0.9946197114208853,0.9991656604749907,0.9897556015033258,ShTex_rho_0.5,11
0.384765625,0.20484919765969234,5.976806640625,-0.060173845092784846,-0.11191936930162813,0.9017528442283143,0.0006345177664974619,0.23046875,1.0,0.9982893450635386,0.9973118279569892,0.9965786901270772,0.9956011730205279,0.9948680351906158,0.9991420826016185,0.9975809685964231,ShTex_rho_0.5,12
0.3779296875,-0.6885740943140336,5.946044921875,-1.9462197360604632,-2.52586655031718,0.9169731246243126,0.0006459948320413437,0.244140625,1.0,0.9953454189122979,0.9941205291523763,0.9936305732484076,0.992405683488486,0.9909358157765801,0.9989399012847414,0.9771442865571831,ShTex_rho_0.5,13
0.389892578125,0.8749166666399868,5.968994140625,-0.539169626925846,-0.6605437286233444,0.9163452759163931,0.0,0.22021484375,1.0,0.9977989728539985,0.9973098557104426,0.9960870628515529,0.9943751528491074,0.9936414771337735,0.998870867973125,0.9705820766063484,ShTex_rho_0.5,14
0.39599609375,1.6726160344736707,5.996337890625,1.1373156094898682,0.9853293493418045,0.8943882331037747,0.0006165228113440197,0.2080078125,1.0,0.999755859375,0.99951171875,0.999267578125,0.9990234375,0.998779296875,0.9997557102570737,0.9999999791077788,ShTex_rho_0.5,15
0.38818359375,0.6515608436465553,5.952880859375,-1.5270984269565346,-0.5508188567590012,0.9126921146959611,0.0,0.2236328125,1.0,0.997799511002445,0.9963325183374083,0.9943765281173594,0.9894865525672372,0.9836185819070905,0.996453981255835,0.9235093106482652,ShTex_rho_0.5,16
0.388671875,0.71537679307325,5.988037109375,0.6283825912922406,0.9853293493418045,0.9075198567008389,0.0,0.22265625,1.0,0.999755859375,0.999267578125,0.998046875,0.99609375,0.994873046875,0.9987035261175005,0.9658276452942303,ShTex_rho_0.5,17
0.3876953125,0.5877448942198605,5.976318359375,-0.09011108145735117,-0.44109398489465795,0.9294288951936323,0.0006297229219143577,0.224609375,1.0,0.9978000488878025,0.9968222928379369,0.9965778538254706,0.9963334148130042,0.9960889758005378,0.9996077577289776,0.8768724219853862,ShTex_rho_0.5,18
0.3984375,1.9916957816071441,5.960693359375,-1.0481026451234736,-1.6480675754024339,0.906669759669454,0.0,0.203125,1.0,0.9963289280469897,0.9951052373959863,0.9948604992657856,0.9946157611355849,0.9943710230053843,0.9995574869417491,0.8352444056885611,ShTex_rho_0.5,19
0.393798828125,1.3854442620535445,5.929443359375,-2.9640857724557184,-0.5508188567590012,0.906850890975348,0.0,0.21240234375,1.0,0.997799511002445,0.9958435207823961,0.99119804400978,0.9809290953545232,0.9723716381418093,0.9933503535052984,0.9365305006795217,ShTex_rho_0.5,20
0.376220703125,-0.9119299173074651,5.965576171875,-0.7487302814778103,-0.6605437286233444,0.9343849232140421,0.0006489292667099286,0.24755859375,1.0,0.9977989728539985,0.9973098557104426,0.9965761799951088,0.9936414771337735,0.9904622157006603,0.9981571731202367,0.88567828589708,ShTex_rho_0.5,21
0.388427734375,0.6834688183599027,5.909423828125,-4.191512463402938,-4.281464500146672,0.8939237766374927,0.0,0.22314453125,1.0,0.9928851815505397,0.9901864573110893,0.9882237487733072,0.9847890088321885,0.9823356231599607,0.9973206098906171,0.9944436903562617,ShTex_rho_0.5,22
0.3828125,-0.0504146000470865,5.980712890625,0.17932404582374575,-0.2216442411659714,0.9288867381530491,0.0,0.234375,1.0,0.9982889269127353,0.9978000488878025,0.9975556098753361,0.9973111708628697,0.9970667318504033,0.9997060276277902,0.9730319955035883,ShTex_rho_0.5,23
0.382080078125,-0.14613852418712855,5.985107421875,0.44875917310484265,0.9853293493418045,0.9050391826501663,0.0,0.23583984375,1.0,0.999755859375,0.99951171875,0.998779296875,0.99560546875,0.991455078125,0.9979430432122819,0.8447183983608042,ShTex_rho_0.5,24
0.396484375,1.7364319839003652,5.955322265625,-1.3774122451337032,-1.7577924472667772,0.9303667243836931,0.0,0.20703125,1.0,0.996328029375765,0.9951040391676866,0.9941248470012239,0.9931456548347614,0.99265605875153,0.9990649791496996,0.98110099513341,ShTex_rho_0.5,25
0.404541015625,2.789395149440828,5.988525390625,0.658319827656807,0.9853293493418045,0.8708335306323824,0.0,0.19091796875,1.0,0.999755859375,0.99951171875,0.9990234375,0.996337890625,0.993896484375,0.9985074623055389,0.8666896867470167,ShTex_rho_0.5,26
0.380126953125,-0.4014023218939074,5.973876953125,-0.2397972632801828,0.9853293493418045,0.900272463691083,0.0,0.23974609375,1.0,0.999755859375,0.999267578125,0.9970703125,0.99169921875,0.986083984375,0.9964919779574961,0.9004297625872303,ShTex_rho_0.5,27
0.386962890625,0.49202097007981854,5.983154296875,0.3290102276465774,0.1075303744270584,0.9497930432552931,0.0006309148264984228,0.22607421875,1.0,0.9987781036168133,0.998533724340176,0.9978005865102639,0.9970674486803519,0.9968230694037146,0.9994613254899576,0.9679999731315955,ShTex_rho_0.5,28
0.387939453125,0.6196528689332079,5.971923828125,-0.3595462087384481,-0.44109398489465795,0.8850743626787194,0.0,0.22412109375,1.0,0.9978000488878025,0.9965778538254706,0.9958445367880714,0.9948667807382058,0.9941334637008067,0.999092282294417,0.9921101983113932,ShTex_rho_0.5,29
0.39599609375,1.6726160344736707,5.978271484375,0.029637864000914126,0.32698011815574496,0.9117269119594952,0.0,0.2080078125,1.0,0.9987787005373717,0.9978016609672692,0.9968246213971665,0.9948705422569614,0.9929164631167562,0.9985295525277474,0.9695711485849796,ShTex_rho_0.95,0
0.3984375,1.9916957816071441,5.947021484375,-1.8863452633313307,-1.6480675754024339,0.9300493107992555,0.0,0.203125,1.0,0.9963289280469897,0.9948604992657856,0.9933920704845814,0.9899657366617719,0.9870288790993637,0.9976339535361117,0.9644321074205418,ShTex_rho_0.95,1
0.39501953125,1.5449841356202811,5.994384765625,1.0175666640316028,0.9853293493418045,0.913544765394702,0.0,0.2099609375,1.0,0.999755859375,0.99951171875,0.9990234375,0.998291015625,0.997802734375,0.9994868245893287,0.9756153366449675,ShTex_rho_0.95,2
0.402099609375,2.4703154023073544,5.990966796875,0.8080060094796385,0.5464298618844314,0.8571724048616561,0.0006071645415907711,0.19580078125,1.0,0.9992672203224231,0.9990229604298974,0.9987787005373717,0.9985344406448461,0.9982901807523205,0.9997554713136589,0.9999999790668839,ShTex_rho_0.95,3
0.38916015625,0.7791927424999447,5.990966796875,0.8080060094796385,0.9853293493418045,0.9367682142041274,0.0,0.2216796875,1.0,0.999755859375,0.99951171875,0.998779296875,0.9970703125,0.995849609375,0.9989729976406826,0.9321978563693901,ShTex_rho_0.95,4
0.375244140625,-1.0395618161608544,5.983154296875,0.3290102276465774,0.21725524629140167,0.9148613097104159,0.0,0.24951171875,1.0,0.9987784021500122,0.9982897630100172,0.997801123870022,0.9968238455900318,0.9958465673100415,0.9992653716655012,0.9696996529873212,ShTex_rho_0.95,5
0.39501953125,1.5449841356202811,5.957275390625,-1.2576632996754378,-0.44109398489465795,0.9072121743580386,0.0006180469715698393,0.2099609375,1.0,0.9978000488878025,0.9965778538254706,0.9948667807382058,0.9897335614764117,0.9855780982644831,0.9968509134049771,0.9313994218447565,ShTex_rho_0.95,6
0.386962890625,0.49202097007981854,5.947509765625,-1.8564080269667642,-1.2091680879450608,0.8755567407442584,0.0,0.22607421875,1.0,0.9968199608610567,0.9951076320939335,0.9931506849315068,0.9889921722113503,0.985078277886497,0.9970181927269041,0.9619297889308737,ShTex_rho_0.95,7
0.385986328125,0.3643890712264291,5.996337890625,1.1373156094898682,0.9853293493418045,0.9199904239805238,0.0006325110689437065,0.22802734375,1.0,0.999755859375,0.99951171875,0.999267578125,0.9990234375,0.998779296875,0.9997557102570737,0.9999999791077788,ShTex_rho_0.95,8
0.38427734375,0.14103324823299762,5.911376953125,-4.071763517944673,-4.939813731332732,0.921356730583309,0.0006353240152477764,0.2314453125,1.0,0.991899852724595,0.9889543446244478,0.9882179675994109,0.9874815905743741,0.9867452135493373,0.998809621046548,0.8771981911738178,ShTex_rho_0.95,9
0.39208984375,1.162088439060113,5.989013671875,0.6882570640213732,0.9853293493418045,0.8922530572656588,0.0,0.2158203125,1.0,0.999755859375,0.99951171875,0.9990234375,0.99658203125,0.994140625,0.9985809778688713,0.866722020170316,ShTex_rho_0.95,10
0.388427734375,0.6834688183599027,5.983154296875,0.3290102276465774,0.6561547337487748,0.9260941102234418,0.001257071024512885,0.22314453125,1.0,0.9992673992673993,0.9985347985347985,0.9970695970695971,0.9953601953601954,0.9943833943833944,0.9987024961165617,0.9848749264409643,ShTex_rho_0.95,11
0.37548828125,-1.0076538414475071,5.976806640625,-0.060173845092784846,-0.11191936930162813,0.9264943001644197,0.0013003901170351106,0.2490234375,1.0,0.9982893450635386,0.9973118279569892,0.9965786901270772,0.9956011730205279,0.9948680351906158,0.9991420826016185,0.9975809685964231,ShTex_rho_0.95,12
0.372802734375,-1.358641563294328,5.973388671875,-0.2697344996447491,-0.11191936930162813,0.8906207415074808,0.0006548788474132286,0.25439453125,1.0,0.9982893450635386,0.9975562072336266,0.9968230694037146,0.9943792766373412,0.9921798631476051,0.9984544650946202,0.9313776014354131,ShTex_rho_0.95,13
0.39208984375,1.162088439060113,5.968994140625,-0.539169626925846,-0.6605437286233444,0.8792455037150249,0.0,0.2158203125,1.0,0.9977989728539985,0.9973098557104426,0.9960870628515529,0.9943751528491074,0.9936414771337735,0.998870867973125,0.9705820766063484,ShTex_rho_0.95,14
0.39404296875,1.4173522367668918,5.990966796875,0.8080060094796385,0.5464298618844314,0.8880579590394562,0.0,0.2119140625,1.0,0.9992672203224231,0.9990229604298974,0.9987787005373717,0.9985344406448461,0.9982901807523205,0.9997554713136589,0.9999999790668839,ShTex_rho_0.95,15
0.39013671875,0.9068246413533341,5.976806640625,-0.060173845092784846,-0.11191936930162813,0.9074719359770627,0.0,0.2197265625,1.0,0.9982893450635386,0.9973118279569892,0.9965786901270772,0.9956011730205279,0.9948680351906158,0.9991420826016185,0.9975809685964231,ShTex_rho_0.95,16
0.388916015625,0.7472847677865974,5.988037109375,0.6283825912922406,0.9853293493418045,0.8773582907766483,0.0,0.22216796875,1.0,0.999755859375,0.999267578125,0.998046875,0.99609375,0.994873046875,0.9987035261175005,0.9658276452942303,ShTex_rho_0.95,17
0.38525390625,0.26866514708638706,5.965576171875,-0.7487302814778103,-0.44109398489465795,0.9354206105027,0.0006337135614702154,0.2294921875,1.0,0.9978000488878025,0.9968222928379369,0.9958445367880714,0.9929112686384747,0.9894891224639453,0.9979361852205173,0.9220776177776192,ShTex_rho_0.95,18
0.39453125,1.4811681861935866,5.960693359375,-1.0481026451234736,-1.6480675754024339,0.8878996722576948,0.0006188118811881188,0.2109375,1.0,0.9963289280469897,0.9951052373959863,0.9948604992657856,0.9946157611355849,0.9943710230053843,0.9995574869417491,0.8352444056885611,ShTex_rho_0.95,19
0.396484375,1.7364319839003652,5.929931640625,-2.934148536091152,-0.5508188567590012,0.9225453906268897,0.0,0.20703125,1.0,0.997799511002445,0.9958435207823961,0.99119804400978,0.9811735941320293,0.9726161369193154,0.9934250611878147,0.9374247446227987,ShTex_rho_0.95,20
0.37158203125,-1.5181814368610649,5.939208984375,-2.3653410451643917,-3.403665525231926,0.9496967953307778,0.000657030223390276,0.2568359375,1.0,0.9943599803825405,0.9931338891613536,0.9928886709171162,0.9926434526728789,0.9923982344286415,0.999555739464891,0.835245167417032,ShTex_rho_0.95,21
0.38671875,0.46011299536647116,5.948486328125,-1.7965335542376317,-1.7577924472667772,0.8706653991845402,0.0,0.2265625,1.0,0.996328029375765,0.9951040391676866,0.9938800489596084,0.9909424724602203,0.988249694002448,0.9979547816967944,0.9590986444060255,ShTex_rho_0.95,22
0.3828125,-0.0504146000470865,5.981201171875,0.20926128218831208,-0.11191936930162813,0.8887497303531622,0.0,0.234375,1.0,0.9982893450635386,0.9975562072336266,0.9973118279569892,0.9970674486803519,0.9968230694037146,0.999657077618858,0.9246442568420292,ShTex_rho_0.95,23
0.385009765625,0.2367571723730397,5.984130859375,0.38888470037571,0.9853293493418045,0.896397799676543,0.0,0.22998046875,1.0,0.999755859375,0.99951171875,0.99853515625,0.9951171875,0.9912109375,0.9978449395582538,0.8676757131518223,ShTex_rho_0.95,24
0.39453125,1.4811681861935866,5.941650390625,-2.2156548633415603,-2.19669193472415,0.8768669548553942,0.0,0.2109375,1.0,0.9958363948077394,0.9946118050453098,0.9933872152828802,0.9899583639480773,0.9867744305657604,0.9977053719216061,0.9449958054612762,ShTex_rho_0.95,25
0.39404296875,1.4173522367668918,5.996337890625,1.1373156094898682,0.9853293493418045,0.9059555686864461,0.0,0.2119140625,1.0,0.999755859375,0.99951171875,0.999267578125,0.9990234375,0.998779296875,0.9997557102570737,0.9999999791077788,ShTex_rho_0.95,26
0.38134765625,-0.24186244832717063,5.975830078125,-0.1200483178219175,0.9853293493418045,0.8845686540983885,0.0,0.2373046875,1.0,0.999755859375,0.999267578125,0.997802734375,0.99267578125,0.986328125,0.9966394061816295,0.8653815143514393,ShTex_rho_0.95,27
0.377197265625,-0.7842980184540757,5.983154296875,0.3290102276465774,0.1075303744270584,0.9553483472819098,0.0,0.24560546875,1.0,0.9987781036168133,0.998533724340176,0.9978005865102639,0.9970674486803519,0.9968230694037146,0.9994613254899576,0.9679999731315955,ShTex_rho_0.95,28
0.391845703125,1.1301804643467657,5.980712890625,0.17932404582374575,0.1075303744270584,0.8954115071858134,0.0,0.21630859375,1.0,0.9987781036168133,0.998533724340176,0.9978005865102639,0.9963343108504399,0.9951124144672532,0.9990445643969146,0.9387359994393782,ShTex_rho_0.95,29
